A4,A4,
API Endpoint,API Endpoint,
API Key,API Key,
Access Token,Access Token,
Account,Hesab,
Accounts Manager,Hesablar Meneceri,
Accounts User,Hesablar İstifadəçisi,
Action,Əməliyyat,
Actions,Əməliyyatlar,
Active,Aktiv,
Add,Əlavə et,
Add Row,Sətir əlavə et,
Address,Ünvan,
Address Line 2,Ünvan Sətir 2,
Address Title,Ünvan Başlığı,
Address Type,Ünvan Növü,
Administrator,Administrator,
All Day,Bütün Gün,
Allow Delete,Silinməyə İcazə Ver,
Amended From,Dəyişdirilmiş,
Amount,Məbləğ,
Applicable For,Tətbiq Olunan,
Approval Status,Təsdiq Statusu,
Assign,Təyin et,
Assign To,Təyin etmək,
Attachment,Əlavə,
Attachments,Əlavələr,
Author,Müəllif,
Auto Repeat,Avtomatik Təkrarla,
Base URL,Əsas URL,
Based On,Əsaslanaraq,
Beginner,Beginner,
Billing,Faktura,
Cancel,Ləğv et,
Category,Kateqoriya,
Category Name,Kateqoriya Adı,
City,Şəhər,
City/Town,Şəhər/Qəsəbə,
Client,Müştəri,
Client ID,Müştəri ID,
Client Secret,Müştəri Gizli Açarı,
Closed,Bağlı,
Code,Kod,
Collapse All,Səviyyələri Yığ,
Color,Rəng,
Company Name,Şirkət Adı,
Condition,Şərt,
Contact,Əlaqə,
Contact Details,Əlaqə Məlumatları,
Content,Məzmun,
Content Type,Məzmun Növü,
Create,Yarat,
Created By,Yaradan,
Current,Cari,
Custom HTML,Xüsusi HTML,
Custom?,Xüsusi?,
Date Format,Tarix Formatı,
Datetime,Tarix və Saat,
Day,Gün,
Default Letter Head,Standart Məktub Başlığı,
Defaults,Əsaslar,
Delivery Status,Çatdırılma Statusu,
Department,Departament,
Details,Təfərrüatlar,
Document Name,Sənəd Adı,
Document Status,Sənəd Statusu,
Document Type,Sənəd Növü,
Domain,Domen,
Domains,Domenlər,
Draft,Qaralama,
Edit,Redaktə et,
Email Account,Email Hesabı,
Email Address,Email Ünvanı,
Email ID,Email ID,
Email Sent,Email Göndərildi,
Email Template,Email Şablonu,
Enable,Aktivləşdir,
Enabled,Aktivdir,
End Date,Son Tarix,
Error Code: {0},Xəta Kodu: {0},
Error Log,Xəta Jurnalı,
Event,Hadisə,
Expand All,Səviyyələri Genişləndir,
Fail,Uğursuz,
Failed,Uğursuz oldu,
Fax,Faks,
Feedback,Rəy,
Female,Qadın,
Field Name,Sahə Adı,
Fieldname,Sahə adı,
Fields,Sahələr,
First Name,Ad,
Frequency,Tezlik,
Friday,Cümə,
From,Dən,
Full,Tam,
Full Name,Tam Ad,
Further nodes can be only created under 'Group' type nodes,Əlavə nodlar yalnız 'Qrup' tipli nodlar altında yaradıla bilər.,
Gender,Cins,
GitHub Sync ID,GitHub Sync ID,
Guest,Qonaq,
Half Day,Yarım Gün,
Half Yearly,Yarım İllik,
High,Yüksək,
Hourly,Saatlıq,
Hub Sync ID,Hub Sync ID,
IP Address,IP Ünvanı,
Image,Şəkil,
Image View,Şəkil Görünüşü,
Import Data,Məlumat İdxalı,
Import Log,Jurnal İdxalı,
Inactive,Aktiv olmayan,
Insert,Daxil et,
Interests,Maraqlar,
Introduction,Giriş,
Is Active,Aktivdir,
Is Completed,Tamamlandı,
Is Default,Əsasdır,
Kanban Board,Kanban Lövhəsi,
Label,Etiket,
Language Name,Dil Adı,
Last Name,Soyad,
Leaderboard,Liderlər lövhəsi,
Letter Head,Məktub Başlığı,
Level,Səviyyə,
Limit,Limit,
Log,Jurnal Qeydi,
Logs,Jurnal Qeyidləri,
Low,Aşağı,
Maintenance Manager,Baxım Meneceri,
Maintenance User,Baxım İstifadəçisi,
Male,Kişi,
Mandatory,Məcburi,
Mapping,Xəritələşdirmə,
Mapping Type,Xəritələşdirmə Növü,
Medium,Orta,
Meeting,Görüş,
Message Examples,Mesaj Nümunələri,
Method,Metod,
Middle Name,Orta Ad,
Middle Name (Optional),Orta Ad (İstəyə bağlı),
Monday,Bazar ertəsi,
Monthly,Aylıq,
More,Daha çox,
More Information,Daha çox məlumat,
Move,Hərəkət et,
My Account,Mənim Hesabım,
New Address,Yeni Ünvan,
New Contact,Yeni Əlaqə,
Next,Növbəti,
No Data,Heç bir məlumat yoxdur,
No address added yet.,Hələ heç bir ünvan əlavə edilməyib.,
No contacts added yet.,Hələ heç bir əlaqə əlavə edilməyib.,
No items found.,Heç bir qeyd tapılmadı.,
None,Heç biri,
Not Permitted,İcazə verilmir,
Not active,Aktiv deyil,
Number,Nömrə,
Online,Onlayn,
Operation,Əməliyyat,
Options,Seçimlər,
Other,Digər,
Owner,Sahib,
Page Missing or Moved,Səhifə Tapılmadı və ya Köçürüldü,
Parameter,Parametr,
Password,Şifrə,
Period,Müddət,
Pincode,Pincode,
Please enable pop-ups,"Lütfən, pop-up pəncərələrini aktiv edin",
Please select Company,"Lütfən, Şirkət seçin",
Please select {0},"Lütfən, {0} seçin",
Please set Email Address,"Lütfən, E-poçt ünvanını təyin edin",
Portal Settings,Portal Parametrləri,
Preview,Önizləmə,
Primary,Əsas,
Print Format,Çap Formatı,
Print Settings,Çap Parametrləri,
Print taxes with zero amount,Sıfır məbləğli vergiləri çap et,
Private,Private,
Property,Property,
Public,Public,
Published,Nəşr olunmuş,
Purchase Manager,Satınalma Müdür,
Purchase Master Manager,Satınalma Master Müdir,
Purchase User,Satınalma İstifadəçi,
Query Options,Sorğu Seçimləri,
Range,Aralıq,
Rating,Reytinq,
Received,Alınmış,
Recipients,Alıcılar,
Redirect URL,Yönləndirilmə URL,
Reference,İstinad,
Reference Date,İstinad Tarixi,
Reference Document,İstinad Sənədi,
Reference Document Type,İstinad Sənəd Növü,
Reference Owner,İstinad Sahibi,
Reference Type,İstinad Növü,
Refresh Token,Refresh Token,
Region,Region,
Rejected,Redd edilmiş,
Reopen,Yenidən aç,
Replied,Cavab verildi,
Report,Hesabat,
Report Builder,Hesabat Qurucusu,
Report Type,Hesabat Növü,
Reports,Hesabatlar,
Response,Cavab,
Role,Rol,
Route,Marşrut,
Sales Manager,Satış Müdür,
Sales Master Manager,Satış Master Müdür,
Sales User,Satış İstifadəçi,
Salutation,Salamlaşma,
Sample,Nümunə,
Saturday,Şənbə,
Saved,Qeyd edildi,
Scheduled,Cədvəl üzrə - Planlaşdırılmış,
Search,Axtarış,
Secret Key,Secret Key,
Select,Seç,
Select DocType,Sənəd Növünü Seç,
Send Now,İndi Göndər,
Sent,Göndərildi,
Series {0} already used in {1},Seriya {0} artıq {1}də istifadə olunmuşdur,
Service,Xidmət,
Set as Default,Əsas olaraq təyin et,
Settings,Parametrlər,
Shipping,Çatdırılma,
Short Name,Qısa Ad,
Slideshow,Slayd Şou,
Source,Mənbə,
Source Name,Mənbə Adı,
Standard,Standart,
Start Date,Başlanğıc Tarixi,
Start Import,İdxala Başla,
State,State,
Stopped,Dayandırılmış,
Subject,Mövzu,
Submit,Təstiq et,
Summary,Xülasə,
Sunday,Bazar günü,
System Manager,System Manager,
Target,Hədəf,
Task,Tapşırıq,
Tax Category,Vergi Kateqoriyası,
Test,Sınaq,
Thank you,Təşəkkür edirik,
The page you are looking for is missing. This could be because it is moved or there is a typo in the link.,"Axtardığınız səhifə tapılmadı. Bu, köçürüldüyü və ya linkdə yazı səhvi olduğu üçün ola bilər.",
Timespan,Zaman aralığı,
To,To,
To Date,Tarixə qədər,
Traceback,Traceback,
URL,URL,
Unsubscribed,Unsubscribed,
User,İstifadəçi,
User ID,İstifadəçi ID,
Users,İstifadəçilər,
Validity,Etibarlılıq,
Warning,Xəbərdarlıq,
Website,Veb sayt,
Website Manager,Website Manager,
Website Settings,Veb sayt Parametrləri,
Wednesday,Çərşənbə,
Week,Həftə,
Weekdays,Həftə içi,
Weekly,Həftəlik,
Welcome email sent,Xoş gəldin e-poçtu göndərildi,
Workflow,İş prosesi,
You need to be logged in to access this page,Bu səhifəyə daxil olmaq üçün giriş etməlisiniz,
old_parent,old_parent,
{0} is mandatory,{0} məcburidir,
to your browser,brauzerinizə,
Company History,"Şirkət Tarixi",
Parent signifies the parent table in which this row must be added,"Ana" bu sətirin əlavə olunmalı olduğu ana cədvəlini bildirir,
Team Members or "Management","Komanda Üzvləri" və ya "İdarəetmə",
&lt;head&gt; HTML,&lt;head&gt; HTML,
'In Global Search' not allowed for type {0} in row {1},Qlobal Axtarışında' {0} tipinə görə sətir {1} üçün icazə verilmir,
'In List View' not allowed for type {0} in row {1},'List Görünüşündə' {0} tipinə görə sətir {1} üçün icazə verilmir,
'Recipients' not specified,'Alıcılar' göstərilməyib,
** Failed: {0} to {1}: {2},** Başarısız: {0} {1}-ə: {2},
**Currency** Master,**Valyuta** Master,
0 - Draft; 1 - Submitted; 2 - Cancelled,0 - Qaralama; 1 - Təstiq edilib; 2 - Ləğv edilib,
0 is highest,0 ən yüksəkdir,
1 Currency = [?] Fraction\nFor e.g. 1 USD = 100 Cent,1 Valyuta = [?] Fraksiyonu\nMəsələn 1 USD = 100 Sent,
1 comment,1 şərh,
1 hour ago,1 saat əvvəl,
1 minute ago,1 dəqiqə əvvəl,
1 month ago,1 ay əvvəl,
1 year ago,1 il əvvəl,
; not allowed in condition,; şərtdə icazə verilmir,
A Lead with this Email Address should exist,Bu E-poçt ünvanı ilə bir Lead mövcud olmalıdır,
A list of resources which the Client App will have access to after the user allows it.<br> e.g. project,"İstifadəçi icazə verdikdən sonra Müştəri Tətbiqinin daxil olacağı resurslar siyahısı.<br> məsələn, layihə",
A log of request errors,Sorğu xətalarının qeydi,
A new account has been created for you at {0},Sizin üçün {0} ünvanında yeni bir hesab yaradılıb,
A symbol for this currency. For e.g. $,Bu valyutanın simvolu. Məsələn. $,
A word by itself is easy to guess.,Bir söz öz başına asanlıqla təxmin edilə bilər.,
API Endpoint Args,API Endpoint Args,
API Key cannot be  regenerated,API Açarı yenidən yaradılmamalıdır,
API Password,API Şifrəsi,
API Secret,API Secret,
API Username,API İstifadəçi adı,
ASC,ASC,
About Us Settings,Haqqımızda Parametrləri,
About Us Team Member,Haqqımızda Komanda Üzvü,
Accept Payment,Ödənişi qəbul et,
Access Key ID,Access Key ID,
Access Token URL,Access Token URL,
Action Failed,Əməliyyat Uğursuz oldu,
Action Timeout (Seconds),Əməliyyat Vaxtı (Saniyələr),
"Actions for workflow (e.g. Approve, Cancel).","İş axını üçün Əməliyyatlar (məsələn, Təsdiqlə, İmtina et).",
Active Domains,Aktiv Domenlər,
Active Sessions,Aktiv Sessiyalar,
Activity Log,Fəaliyyət Jurnalı,
Activity log of all users.,Bütün istifadəçilərin fəaliyyət jurnalı.,
Add / Manage Email Domains.,E-poçt domenlərini əlavə et / idarə et.,
Add / Update,Əlavə et / Yenilə,
Add A New Rule,Yeni Qayda əlavə et,
Add Another Comment,Başqa bir Şərh əlavə et,
Add Attachment,Əlavə Fayl,
Add Column,Sütun əlavə et,
Add Contact,Əlaqə əlavə et,
Add Contacts,Əlaqələri əlavə et,
Add Filter,Filtr əlavə et,
Add Group,Qrup əlavə et,
Add New Permission Rule,Yeni İcazə Qaydasını əlavə et,
Add Review,Rəy əlavə et,
Add Signature,İmza əlavə et,
Add Subscribers,Abunəçiləri əlavə et,
Add Total Row,Cəm Sətiri əlavə et,
Add Unsubscribe Link,Abunəliyi ləğv etmə linki əlavə et,
Add User Permissions,İstifadəçi İcazələrini əlavə et,
Add a New Role,Yeni Rol əlavə et,
Add a column,Sütun əlavə et,
Add a comment,Şərh əlavə et,
Add a new section,Yeni bölmə əlavə et,
Add a tag ...,Etiket əlavə et ...,
Add all roles,Bütün rolları əlavə et,
Add custom forms.,Xüsusi formaları əlavə et.,
Add custom javascript to forms.,Formlara xüsusi javascript əlavə et.,
Add fields to forms.,Formlara sahələr əlavə et.,
Add meta tags to your web pages,Veb səhifələrinizə meta etiketlər əlavə edin,
Add script for Child Table,Alt Cədvəli üçün skript əlavə et,
Add to table,Cədvələ əlavə et,
Add your own translations,Öz tərcümələrinizi əlavə edin,
Added HTML in the &lt;head&gt; section of the web page,"Veb səhifənin &lt;head&gt; bölməsinə HTML əlavə edildi, əsasən veb saytın doğrulaması və SEO üçün istifadə olunur",
Added {0},Əlavə edildi {0},
Adding System Manager to this User as there must be atleast one System Manager,"Bu İstifadəçiyə Sistem Meneceri əlavə edilir, çünki ən azı bir Sistem Meneceri olmalıdır",
Additional Permissions,Əlavə İcazələr,
Address Template,Ünvan Şablonu,
Address Title is mandatory.,Ünvan Başlığı mütləqdir.,
Address and other legal information you may want to put in the footer.,Aşağı hissəyə yerləşdirmək istədiyiniz ünvan və digər hüquqi məlumatlar.,
Addresses And Contacts,Ünvanlar və Əlaqələr,
Adds a client custom script to a DocType,Bir DocType-a müştəri xüsusi skripti əlavə edir,
Adds a custom field to a DocType,Bir DocType-a xüsusi sahə əlavə edir,
Admin,Admin,
Administrator Logged In,Administrator Daxil oldu,
Administrator accessed {0} on {1} via IP Address {2}.,Administrator {0} -a {1} tarixində {2} IP ünvanı vasitəsilə daxil oldu.,
Advanced,Təkmilləşmiş,
Advanced Control,Təkmilləşmiş Nəzarət,
Advanced Search,Təkmilləşmiş Axtarış,
Align Labels to the Right,Etiketləri Sağ Tərəfə Hizalamaq,
Align Value,Dəyəri Hizalamaq,
All Images attached to Website Slideshow should be public,Vebsayt Slayd Şousuna əlavə olunan bütün şəkillər ictimai olmalıdır,
All customizations will be removed. Please confirm.,Bütün fərdiləşdirmələr silinəcək. Zəhmət olmasa təsdiq edin.,
All possible Workflow States and roles of the workflow. Docstatus Options: 0 is""Saved"","Bütün mümkün İş Axınları Vəziyyətləri və iş axınının rolları. Sənədin vəziyyəti Seçimləri: 0 ""Saxlanılıb"", 1 ""Təqdim edilib"" və 2 ""Ləğv edilib""",
All-uppercase is almost as easy to guess as all-lowercase.,"Tam böyük hərflərlə yazmaq, tam kiçik hərflərlə yazmaq qədər asanlıqla tapıla bilər.",
Allocated To,Təyin Edilib,
Allow,İcazə Ver,
Allow Bulk Edit,Kütləvi Redaktəyə İcazə Ver,
Allow Comments,Şərhlərə İcazə Ver,
Allow Consecutive Login Attempts,Ardıcıl Giriş Cəhdlərinə İcazə Ver,
Allow Dropbox Access,Dropbox-a Girişə İcazə Ver,
Allow Edit,Redaktəyə İcazə Ver,
Allow Guest to View,Qonağın Görməsinə İcazə Ver,
Allow Import (via Data Import Tool),İdxala İcazə Ver (Məlumat İdxal Aləti vasitəsilə),
Allow Incomplete Forms,Tamamlanmamış Formalara İcazə Ver,
Allow Login After Fail,Uğursuzluqdan Sonra Girişə İcazə Ver,
Allow Login using Mobile Number,Mobil Nömrə ilə Girişə İcazə Ver,
Allow Login using User Name,İstifadəçi Adı ilə Girişə İcazə Ver,
Allow Modules,Modullara İcazə Ver,
Allow Multiple,Birdən Çox İcazə Ver,
Allow Print,Çap Etməyə İcazə Ver,
Allow Print for Cancelled,Ləğv Edilmiş üçün Çap Etməyə İcazə Ver,
Allow Print for Draft,Taslağa Çap Etməyə İcazə Ver,
Allow Read On All Link Options,Bütün Link Seçimlərində Oxumağa İcazə Ver,
Allow Rename,Adı Dəyişməyə İcazə Ver,
Allow Roles,Rollara İcazə Ver,
Allow Self Approval,Öz Özünü Təsdiqləməyə İcazə Ver,
Allow approval for creator of the document,Sənədin yaradıcısına təsdiqə icazə ver,
Allow events in timeline,Zaman cədvəlində hadisələrə icazə ver,
Allow in Quick Entry,Tez Girişdə icazə ver,
Allow on Submit,Təqdim edərkən icazə ver,
Allow only one session per user,Hər istifadəçi üçün yalnız bir sessiyaya icazə ver,
Allow page break inside tables,Cədvəllərdə səhifə qırılması icazə ver,
Allow saving if mandatory fields are not filled,Məcburi sahələr doldurulmadıqda saxlamağa icazə ver,
Allow user to login only after this hour (0-24),İstifadəçinin yalnız bu saatdan sonra (0-24) giriş etməsinə icazə ver,
Allow user to login only before this hour (0-24),İstifadəçinin yalnız bu saatdan əvvəl (0-24) giriş etməsinə icazə ver,
Allowed,İcazə Verildi,
Allowed In Mentions,Xatırlatmalarda İcazə Verildi,
Allowing DocType,"DocType-a icazə verilir, DocType. Diqqətli olun!",
Already Registered,Artıq Qeydiyyatdan Keçmiş,
Also adding the dependent currency field {0},Asılı valyuta sahəsini {0} əlavə etmək,
Always add "Draft" Heading for printing draft documents,Həmişə çap üçün "Taslak" Başlığını əlavə edin,
Always use Account's Email Address as Sender,Həmişə Hesabın E-poçt Ünvanını Göndərən kimi istifadə edin,
Always use Account's Name as Sender's Name,Həmişə Hesabın Adını Göndərənin Adı kimi istifadə edin,
Amend,Dəyişdirmək,
Amending,Dəyişdirilir,
Amount Based On Field,Məbləğ Sahəyə Əsaslanır,
Amount Field,Məbləğ Sahəsi,
Amount must be greater than 0.,Məbləğ 0-dan böyük olmalıdır.,
An error occured during the payment process. Please contact us.,Ödəniş prosesi zamanı bir xəta baş verdi. Zəhmət olmasa bizimlə əlaqə saxlayın.,
An icon file with .ico extension. Should be 16 x 16 px. Generated using a favicon generator. [favicon-generator.org],.ico uzantılı bir ikon faylı. 16 x 16 px olmalıdır. Favicon generatoru istifadə edilərək yaradılıb. [favicon-generator.org],
Ancestors Of,Ata-babalar,
Another transaction is blocking this one. Please try again in a few seconds.,Başqa bir əməliyyat bu əməliyyatı bloklayır. Zəhmət olmasa bir neçə saniyə sonra yenidən cəhd edin.,
"""Another {0} with name {1} exists, select another name""","Eyni adı olan başqa bir {0} mövcuddur, başqa bir ad seçin",
Any string-based printer languages can be used. Writing raw commands requires knowledge of the printer's native language provided by the printer manufacturer. Please refer to the developer manual provided by the printer manufacturer on how to write their native commands. These commands are rendered on the server side using the Jinja Templating Language.,"Hər hansı bir sətir əsaslı printer dilləri istifadə oluna bilər. Xam əmrləri yazmaq printer istehsalçısı tərəfindən təqdim olunan printerin yerli dilini bilmək tələb edir. Zəhmət olmasa printer istehsalçısı tərəfindən təqdim olunan inkişaf etdirici manualına baxın, onların yerli əmrlərini necə yazmaq lazım olduğunu öyrənmək üçün. Bu əmrlər server tərəfində Jinja Templating Language istifadə edilərək icra olunur.",
"Apart from System Manager, roles with Set User Permissions right can set permissions for other users for that Document Type.","Sistem Meneceri xaricində, İstifadəçi İcazələrini Təyin Etmək hüququna malik rollar, o Dokument Növü üçün digər istifadəçilər üçün icazələri təyin edə bilər.",
Api Access,Api Girişi,
App,Tətbiq,
App Access Key,Tətbiq Giriş Açarı,
App Client ID,Tətbiq Müştəri ID,
App Client Secret,Tətbiq Müştəri Gizli Açarı,
App Name,Tətbiq Adı,
App Secret Key,Tətbiq Gizli Açarı,
App not found,Tətbiq tapılmadı,
App {0} already installed,Tətbiq {0} artıq quraşdırılıb,
App {0} is not installed,Tətbiq {0} quraşdırılmayıb,
Append To,Əlavə Et,
Append To can be one of {0},Əlavə Et {0} -dən biri ola bilər,
Append To is mandatory for incoming mails,Gələn məktublar üçün Əlavə Et məcburidir,
"Append as communication against this DocType (must have fields, ""Status"", ""Subject"")","Bu DocType-a qarşı ünsiyyət kimi əlavə et (mütləq ""Status"", ""Mövzu"" sahələri olmalıdır)",
Applicable Document Types,Tətbiq Olunan Dokument Növləri,
Apply,Tətbiq Et,
Apply Strict User Permissions,Sıx İstifadəçi İcazələrini Tətbiq Et,
Apply To All Document Types,Bütün Dokument Növlərinə Tətbiq Et,
Apply this rule if the User is the Owner,"Bu qaydanı tətbiq et, əgər İstifadəçi Sahibi isə",
Apply to all Documents Types,Bütün Dokument Növlərinə tətbiq et,
Appreciate,Dəyərləndirin,
Appreciation,Dəyərləndirmə,
Archive,Arxiv,
Archived,Arxivlənmiş,
Archived Columns,Arxivlənmiş Sütunlar,
Are you sure you want to delete the attachment?,Əlavəni silmək istədiyinizə əminsinizmi?,
Are you sure you want to relink this communication to {0}?,Bu ünsiyyəti {0} ilə yenidən bağlamaq istədiyinizə əminsinizmi?,
Are you sure?,Əminsiniz?,
Arial,Arial,
"As a best practice, do not assign the same set of permission rule to different Roles. Instead, set multiple Roles to the same User.","Ən yaxşı təcrübə olaraq, eyni icazə qaydalarını müxtəlif Rollara verməyin. Bunun əvəzinə, eyni İstifadəçiyə bir neçə Rol təyin edin.",
Assign Condition,Şərt Təyin Et,
Assign To Users,İstifadəçilərə Təyin Et,
"Assign one by one, in sequence","Bir-birinin ardınca təyin et",
Assign to me,Mənə təyin et,
Assign to the one who has the least assignments,Ən az təyinatı olan şəxsə təyin et,
Assigned,Təyin edilib,
Assigned By,Təyin edən,
Assigned By Full Name,Təyin edən Tam Ad,
Assigned By Me,Təyin edən Mən,
Assigned To,Təyin olunan,
Assigned To/Owner,Təyin olunan/Sahib,
Assignment,Təyinat,
Assignment Complete,Təyinat Tamamlandı,
Assignment Completed,Təyinat Tamamlandı,
Assignment Rule,Təyinat Qaydasını,
Assignment Rule User,Təyinat Qaydasının İstifadəçisi,
Assignment Rules,Təyinat Qaydaları,
Assignment closed by {0},Təyinat {0} tərəfindən bağlandı,
Assignment for {0} {1},Təyinat {0} {1} üçün,
Atleast one field of Parent Document Type is mandatory,Ana Sənəd Tipinin ən azı bir sahəsi mütləqdir,
Attach,Bağla,
Attach Document Print,Sənəd Çapını Bağla,
Attach Image,Şəkil Bağla,
Attach Print,Çapı Bağla,
Attach Your Picture,Şəklini Bağla,
Attach file for Import,İdxal üçün fayl bağla,
Attach files / urls and add in table.,Faylları / URL-ləri bağla və cədvələ əlavə et.,
Attached To DocType,DocType-a Bağlı,
Attached To Field,Sahəyə Bağlı,
Attached To Name,Adına Bağlı,
Attachment Limit (MB),Bağlantı Limiti (MB),
Attachment Removed,Bağlantı Silindi,
Attempting Connection to QZ Tray...,QZ Tray-ə Bağlantı Cəhd edilir...,
Attempting to launch QZ Tray...,QZ Tray-i işə salmağa cəhd edilir...,
Auth URL Data,Təsdiq URL Məlumatı,
Authenticating...,Təsdiqlənir...,
Authentication,Təsdiqləmə,
Authentication Apps you can use are:,İstifadə edə biləcəyiniz Təsdiqləmə Tətbiqləri:,
Authentication Credentials,Təsdiqləmə Məlumatları,
Authorization Code,Təsdiq Kodu,
Authorize URL,Təsdiq URL,
Authorized,Təsdiq Edildi,
Auto,Avto,
Auto Email Report,Avto E-poçt Hesabatı,
Auto Name,Avto Ad,
Auto Reply Message,Avto Cavab Mesajı,
Auto assignment failed: {0},Avto təyinat uğursuz oldu: {0},
Automatically Assign Documents to Users,Sənədləri İstifadəçilərə Avtomatik Təyin Et,
Automation,Avtomatlaşdırma,
Avatar,Avatar,
Average,Orta,
Average of {0},{0} -ın ortası,
Avoid dates and years that are associated with you.,Sizinlə əlaqəli olan tarixlər və illərdən qaçın.,
Avoid recent years.,Son illərdən qaçın.,
Avoid sequences like abc or 6543 as they are easy to guess,abc və ya 6543 kimi asanlıqla təxmin edilə bilən ardıcıllıqlardan qaçın.,
Avoid years that are associated with you.,Sizinlə əlaqəli olan illərdən qaçın.,
Awaiting Password,Şifrəni gözləyir,
Away,Uzaqda,
BCC,BCC,
Back to Desk,Masaya qayıt,
Back to Login,Daxil olmağa qayıt,
Background Color,Arxa fon Rəngi,
Background Email Queue,Arxa fon E-poçt Queuesi,
Background Jobs,Arxa fon İşləri,
Background Workers,Arxa fon İşçiləri,
Backup,Ehtiyat,
Backup Frequency,Ehtiyat Tezliyi,
Backup Limit,Ehtiyat Nöqtəsi,
Backup job is already queued. You will receive an email with the download link,Ehtiyat işi artıq sıraya alınıb. Yükləmə linki ilə e-poçt alacaqsınız,
Backups,Ehtiyatlar,
Banner,Banner,
Banner HTML,Banner HTML,
Banner Image,Banner Şəkili,
Banner is above the Top Menu Bar.,Banner Üst Menyu Çubuğunun üstündədir.,
Bar,Çubuq,
Base Distinguished Name (DN),Əsas Fərqləndirilmiş Ad (DN),
Based on Permissions For User,İstifadəçi üçün İcazələrə əsasən,
Beta,Beta,
Better add a few more letters or another word,Bir neçə əlavə hərf və ya başqa bir söz əlavə etməyi daha yaxşıdır,
Between,Arasında,
Bio,Bio,
Birth Date,Doğum Tarixi,
Block Module,Blok Modulu,
Block Modules,Blok Modulları,
Blocked,Bloklanmış,
Blog,Blog,
Blog Category,Blog Kateqoriyası,
Blog Intro,Blog Girişi,
Blog Introduction,Blog Tanıtımı,
Blog Post,Blog Yazısı,
Blog Settings,Blog Parametrləri,
Blog Title,Blog Başlığı,
Blogger,Bloger,
Bot,Bot,
Both DocType and Name required,"Həm DocType, həm də Ad tələb olunur",
Both login and password required,"Həm giriş, həm də şifrə tələb olunur",
Bounced,Qayıtdı,
Braintree Settings,Braintree Parametrləri,
Braintree payment gateway settings,Braintree ödəniş qapısı parametrləri,
Brand HTML,Brend HTML,
Brand Image,Brend Şəkili,
Breadcrumbs,Çörək qırıntıları,
Browser not supported,Brauzer dəstəklənmir,
Brute Force Security,Brute Force Təhlükəsizliyi,
Build Report,Hesabat Yarat,
Bulk Delete,Kütləvi Sil,
Bulk Edit {0},Kütləvi Redaktə {0},
Bulk Rename,Kütləvi Yenidən Adlandır,
Bulk Update,Kütləvi Yeniləmə,
Button,Düymə,
Button Help,Düymə Kömək,
Button Label,Düymə Etiketi,
Bypass Two Factor Auth for users who login from restricted IP Address,Məhdud IP Ünvanından daxil olan istifadəçilər üçün İki Faktorlu Təsdiqi keçin,
Bypass restricted IP Address check If Two Factor Auth Enabled,İki Faktorlu Təsdiq aktiv olduqda məhdud IP Ünvanı yoxlanmasını keçin,
CC,CC,
"CC, BCC & Email Template","CC, BCC & E-poçt Şablonu",
CSS,CSS,
CSV,CSV,
Cache Cleared,Keş Təmizləndi,
Calculate,Hesabla,
Calendar Name,Təqvim Adı,
Calendar View,Təqvim Görünüşü,
Call,Çağır,
Can Read,Oxuya bilər,
Can Share,Paylaşa bilər,
Can Write,Yaza bilər,
Can't identify open {0}. Try something else.,Açıq {0} müəyyən edilə bilmir. Başqa bir şey sınayın.,
Can't save the form as data import is in progress.,"Formu saxlamaq mümkün deyil, çünki məlumat idxalı davam edir.",
Cancel {0} documents?,{0} sənədləri ləğv edilsin?,
Cancelled Document restored as Draft,Ləğv edilmiş sənəd layihə olaraq bərpa edildi,
Cancelling,Ləğv edilir,
Cancelling {0},Ləğv edilir {0},
Cannot Remove,Silinməsi mümkün deyil,
Cannot cancel before submitting. See Transition {0},Təqdim etmədən əvvəl ləğv etmək mümkün deyil. Keçid {0},
Cannot change docstatus from 0 to 2,Docstatus'u 0-dan 2-yə dəyişdirmək mümkün deyil,
Cannot change docstatus from 1 to 0,Docstatus'u 1-dən 0-a dəyişdirmək mümkün deyil,
Cannot change header content,Başlıq məzmununu dəyişdirmək mümkün deyil,
Cannot change state of Cancelled Document. Transition row {0},Ləğv edilmiş sənədin vəziyyətini dəyişdirmək mümkün deyil. Keçid sətiri {0},
Cannot change user details in demo. Please signup for a new account at https://erpnext.com,Demo-da istifadəçi məlumatlarını dəyişdirmək mümkün deyil. Zəhmət olmasa https://erpnext.com saytında yeni hesab açın,
Cannot create a {0} against a child document: {1},Uşaq sənədinə qarşı {0} yaratmaq mümkün deyil: {1},
Cannot delete Home and Attachments folders,Ev və Əlavələr qovluqlarını silmək mümkün deyil,
Cannot delete file as it belongs to {0} {1} for which you do not have permissions,"Faylı silmək mümkün deyil, çünki {0} {1} ilə bağlıdır və sizdə icazə yoxdur",
Cannot delete or cancel because {0} {1} is linked with {2} {3} {4},"Silinmək və ya ləğv edilmək mümkün deyil, çünki {0} {1} {2} {3} {4} ilə bağlıdır",
Cannot delete standard field. You can hide it if you want,"Standart sahəni silmək mümkün deyil. İstəsəniz, onu gizlədə bilərsiniz",
Cannot delete {0},{0} silmək mümkün deyil,
Cannot delete {0} as it has child nodes,Uşaq düyünləri olduğu üçün {0} silmək mümkün deyil,
"Cannot edit Standard Notification. To edit, please disable this and duplicate it","Standart Bildirişi redaktə etmək mümkün deyil. Redaktə etmək üçün bunu deaktiv edin və təkrarlayın",
Cannot edit a standard report. Please duplicate and create a new report,"Standart hesabatı redaktə etmək mümkün deyil. Zəhmət olmasa, təkrarlayın və yeni hesabat yaradın",
Cannot edit cancelled document,Ləğv edilmiş sənədi redaktə etmək mümkün deyil,
Cannot edit standard fields,Standart sahələri redaktə etmək mümkün deyil,
Cannot have multiple printers mapped to a single print format.,Bir çap formatına bir neçə printeri qoşmaq mümkün deyil.,
Cannot link cancelled document: {0},Ləğv edilmiş sənədi bağlamaq mümkün deyil: {0},
Cannot map because following condition fails:,Aşağıdakı şərt yerinə yetirilmədiyi üçün xəritə çıxarmaq mümkün deyil:,
Cannot move row,Sıra köçürmək mümkün deyil,
Cannot open instance when its {0} is open,{0} açıq olduqda instansiyanı açmaq mümkün deyil,
Cannot open {0} when its instance is open,Instansiya açıq olduqda {0} açmaq mümkün deyil,
Cannot remove ID field,ID sahəsini silmək mümkün deyil,
Cannot set Notification on Document Type {0},Sənəd Növü {0} üçün Bildirişi təyin etmək mümkün deyil,
Cannot update {0},{0} yeniləmək mümkün deyil,
Cannot use sub-query in order by,Sıralama üzrə alt sorğu istifadə etmək mümkün deyil,
Cannot {0} {1},{0} {1} mümkün deyil,
Capitalization doesn't help very much.,Böyük hərflərlə yazmaq çox kömək etmir.,
Card Details,Kart Məlumatları,
Categorize blog posts.,Blog yazılarını kateqoriyalara ayırın.,
Category Description,Kateqoriya Təsviri,
Cent,Cent,
"Certain documents, like an Invoice, should not be changed once final. The final state for such documents is called Submitted. You can restrict which roles can Submit.","Bəzi sənədlər, məsələn, Faktura, son halına gəldikdən sonra dəyişdirilməməlidir. Belə sənədlərin son vəziyyəti Göndərilmiş adlanır. Hansı rolların Göndərmə edə biləcəyini məhdudlaşdıra bilərsiniz.",
Chain Integrity,Zəncirin İntiqamı,
Chaining Hash,Zəncir Hashı,
Change Label (via Custom Translation),Etiketi Dəyiş (Xüsusi Tərcümə vasitəsilə),
Change Password,Şifrəni Dəyiş,
"Change field properties (hide, readonly, permission etc.)","Sahə xüsusiyyətlərini dəyiş (gizlət, yalnız oxuma, icazə və s.)",
Channel,Kanal,
Chart Name,Qrafik Adı,
Chart Options,Qrafik Seçimləri,
Chart Source,Qrafik Mənbəyi,
Chart Type,Qrafik Növü,
Charts,Qrafiklər,
Chat,Söhbət,
Chat Background,Söhbət Fondu,
Chat Message,Söhbət Mesajı,
Chat Operators,Söhbət Operatorları,
Chat Profile,Söhbət Profili,
Chat Profile for User {0} exists.,İstifadəçi {0} üçün Söhbət Profili mövcuddur.,
Chat Room,Söhbət Otağı,
Chat Room Name,Söhbət Otağının Adı,
Chat Room User,Söhbət Otağı İstifadəçisi,
Chat Token,Söhbət Tokeni,
Chat Type,Söhbət Növü,
Chat messages and other notifications.,Söhbət mesajları və digər bildirişlər.,
Check,Yoxla,
Check Request URL,Yoxlama Sorğu URL-i,
"Check columns to select, drag to set order.","Seçmək üçün sütunları yoxlayın, sıralama təyin etmək üçün sürükləyin.",
Check this if you are testing your payment using the Sandbox API,"Sandbox API istifadə edərək ödəmənizi test edirsinizsə, bunu yoxlayın",
Check this to pull emails from your mailbox,E-poçtlarınızı poçt qutunuzdan çəkmək üçün bunu yoxlayın,
Check which Documents are readable by a User,Hansı Sənədlərin İstifadəçi tərəfindən oxuna biləcəyini yoxlayın,
Checking one moment,Bir an yoxlanılır,
Checksum Version,Checksum Versiyası,
Child Table Mapping,Uşaq Cədvəli Xəritəsi,
Child Tables are shown as a Grid in other DocTypes,Uşaq Cədvəlləri digər DocType-lərdə Şəbəkə olaraq göstərilir,
Choose authentication method to be used by all users,Bütün istifadəçilər tərəfindən istifadə olunacaq autentifikasiya metodunu seçin,
Clear Error Logs,Xəta Jurnalını Təmizlə,
Clear User Permissions,İstifadəçi İcazələrini Təmizlə,
Clear all roles,Bütün rolları Təmizlə,
"Clearing end date, as it cannot be in the past for published pages.","Nəşr olunmuş səhifələr üçün keçmişdə ola bilməyəcək son tarixi təmizləyir.",
Click here to post bugs and suggestions,Böcəkləri və təklifləri göndərmək üçün buraya klikləyin,
Click here to verify,Təsdiqləmək üçün buraya klikləyin,
Click on the link below to complete your registration and set a new password,Qeydiyyatınızı tamamlamaq və yeni şifrə təyin etmək üçün aşağıdakı linkə klikləyin,
Click on the link below to download your data,Məlumatlarınızı yükləmək üçün aşağıdakı linkə klikləyin,
Click on the link below to verify your request,Sorğunuzu təsdiqləmək üçün aşağıdakı linkə klikləyin,
Click table to edit,Redaktə etmək üçün cədvələ klikləyin,
Click to Set Filters,Filtrləri Təyin Etmək üçün klikləyin,
Clicked,Kliklənib,
Client Credentials,Müştəri Məlumatları,
Client Information,Müştəri Məlumatları,
Client Script,Müştəri Skripti,
Client URLs,Müştəri URL-ləri,
Client side script extensions in Javascript,Javascript-də Müştəri tərəfində skript uzantıları,
Collapsible,Çökdürülə bilən,
Collapsible Depends On,Çökdürülə bilən Asılıdır,
Column,Sütun,
Column <b>{0}</b> already exist.,Sütun <b>{0}</b> artıq mövcuddur.,
Column Break,Sütun Kəsilməsi,
Column Labels:,Sütun Etiketləri:,
Column Name,Sütun Adı,
Column Name cannot be empty,Sütun Adı boş ola bilməz,
Columns,Sütunlar,
Columns based on,Sütunlar əsasında,
Combination of Grant Type (<code>{0}</code>) and Response Type (<code>{1}</code>) not allowed,Qrant Növü (<code>{0}</code>) və Cavab Növü (<code>{1}</code>) birləşməsi icazə verilmir,
Comment By,Şərh Edən,
Comment Email,Şərh E-poçtu,
Comment Type,Şərh Növü,
Comment can only be edited by the owner,Şərh yalnız sahib tərəfindən düzəldilə bilər,
Commented on {0}: {1},{0} tarixində şərh edildi: {1},
Comments and Communications will be associated with this linked document,Şərhlər və Ünsiyyətlər bu bağlı sənədlə əlaqələndiriləcək,
Comments cannot have links or email addresses,Şərhlərdə bağlantılar və ya e-poçt ünvanları ola bilməz,
Common names and surnames are easy to guess.,Ümumi adlar və soyadlar asanlıqla təxmin edilə bilər.,
Communicated via {0} on {1}: {2},{0} tarixində {1} vasitəsilə ünsiyyət quruldu: {2},
Communication Type,Ünsiyyət Növü,
Company History,Şirkət Tarixi,
Company Introduction,Şirkət Tanıtımı,
Compiled Successfully,Müvəffəqiyyətlə Tərtib Edildi,
Complete By,Tamamlayın,
Complete Registration,Qeydiyyatı Tamamlayın,
Complete Setup,Quraşdırmanı Tamamlayın,
Compose Email,E-poçt Tərtib Edin,
Condition Detail,Şərt Detalı,
Conditions,Şərtlər,
Configure Chart,Qrafiki Konfiqurasiya Et,
Configure Charts,Qrafikləri Konfiqurasiya Et,
Confirm,Təsdiq Et,
Confirm Deletion of Data,Məlumatın Silinməsini Təsdiq Et,
Confirm Request,Tələbi Təsdiq Et,
Confirm Your Email,E-poçtunuzu Təsdiq Edin,
Confirmed,Təsdiqləndi,
Connected to QZ Tray!,QZ Tray ilə əlaqələndirildi!,
Connection Name,Bağlantı Adı,
Connection Success,Bağlantı Uğurlu,
Connection lost. Some features might not work.,Bağlantı itdi. Bəzi funksiyalar işləməyə bilər.,
Connector Name,Bağlayıcı Adı,
Connector Type,Bağlayıcı Növü,
Contact Us Settings,Bizimlə Əlaqə Parametrləri,
"Contact options, like ""Sales Query, Support Query"" etc each on a new line or separated by commas.","Əlaqə seçimləri, məsələn, ""Satış Sorğusu, Dəstək Sorğusu"" və s. hər biri yeni sətirdə və ya vergüllərlə ayrılmış.",
Contacts,Əlaqələr,
Content (HTML),Məzmun (HTML),
Content (Markdown),Məzmun (Markdown),
Content Hash,Məzmun Hash,
Content web page.,Məzmun veb səhifəsi.,
Conversation Tones,Söhbət Tonları,
Copyright,Müəllif hüquqları,
Core,Nüvə,
Core DocTypes cannot be customized.,Nüvə DocType-lar fərdiləşdirilə bilmir.,
Could not connect to outgoing email server,Çıxan e-poçt serverinə qoşulmaq mümkün olmadı,
Could not find {0},{0} tapılmadı,
Could not find {0} in {1},{1}-də {0} tapılmadı,
Could not identify {0},{0} müəyyənləşdirmək mümkün olmadı,
Count,Say,
Country Name,Ölkə Adı,
County,Rayon,
Create Chart,Qrafik Yarat,
Create New,Yeni Yarat,
Create Post,Post Yarat,
Create User Email,İstifadəçi E-poçtu Yarat,
Create a New Format,Yeni Format Yarat,
Create a new record,Yeni qeyd yaradın,
Create a new {0},Yeni {0} yaradın,
Create and Send Newsletters,Xəbər bülletenləri yaradın və göndərin,
Create and manage newsletter,Xəbər bülletenini yaradın və idarə edin,
Created,Yaradıldı,
Created Custom Field {0} in {1},{1}-də {0} özəl sahəsi yaradıldı,
Created On,Yaradıldığı tarix,
Criticism,Tənqid,
Criticize,Tənqid et,
Ctrl+Enter to add comment,Şərh əlavə etmək üçün Ctrl+Enter,
Currency Name,Valyuta Adı,
Currency Precision,Valyuta Dəqiqliyi,
Current Mapping,Mövcud Xəritə,
Current Mapping Action,Mövcud Xəritə Fəaliyyəti,
Current Mapping Delete Start,Mövcud Xəritə Silinməsi Başlanğıcı,
Current Mapping Start,Mövcud Xəritə Başlanğıcı,
Current Mapping Type,Mövcud Xəritə Növü,
Currently Viewing,Hal-hazırda Baxılan,
Currently updating {0},Hal-hazırda {0} yenilənir,
Custom,Fərdi,
Custom Base URL,Fərdi Əsas URL,
Custom CSS,Fərdi CSS,
Custom DocPerm,Fərdi DocPerm,
Custom Field,Fərdi Sahə,
Custom Fields can only be added to a standard DocType.,Fərdi Sahələr yalnız standart DocType-a əlavə edilə bilər.,
Custom Fields cannot be added to core DocTypes.,Fərdi Sahələr nüvə DocType-lara əlavə edilə bilməz.,
Custom Format,Fərdi Format,
Custom HTML Help,Fərdi HTML Kömək,
Custom JS,Fərdi JS,
Custom Menu Items,Fərdi Menyu Maddələri,
Custom Report,Fərdi Hesabat,
Custom Reports,Fərdi Hesabatlar,
Custom Role,Fərdi Rol,
Custom Script,Fərdi Skript,
Custom Sidebar Menu,Fərdi Yan Menyu,
Custom Translations,Fərdi Tərcümələr,
Customization,Fərdiləşdirmə,
Customizations Reset,Fərdiləşdirmələr Sıfırlanır,
Customizations for <b>{0}</b> exported to:<br>{1},<b>{0}</b> üçün fərdiləşdirmələr ixrac edildi:<br>{1},
Customize Form,Formanı Fərdiləşdir,
Customize Form Field,Formanın Sahəsini Fərdiləşdir,
"Customize Label, Print Hide, Default etc.","Etiket, Çap Gizlət, Defolt və s. Fərdiləşdir",
Customize...,Fərdiləşdir...,
"Customized Formats for Printing, Email","Çap, E-poçt üçün Fərdiləşdirilmiş Formatlar",
Customized HTML Templates for printing transactions.,Əməliyyatların çapı üçün Fərdiləşdirilmiş HTML Şablonları.,
Cut,Kəs,
DESC,DESC,
Daily Event Digest is sent for Calendar Events where reminders are set.,"Gündəlik Hadisə Xülasəsi, xatırlatmaların təyin olunduğu Təqvim Hadisələri üçün göndərilir.",
Danger,Təhlükə,
Dark Color,Qaranlıq Rəng,
Dashboard Chart,İdarə Paneli Qrafiki,
Dashboard Chart Link,İdarə Paneli Qrafiki Bağlantısı,
Dashboard Chart Source,İdarə Paneli Qrafiki Mənbəyi,
Dashboard Name,İdarə Paneli Adı,
Dashboards,İdarə Panelləri,
Data,Məlumat,
Data Export,Məlumat İxracı,
Data Import,Məlumat İdxalı,
Data Import Template,Məlumat İdxalı Şablonu,
Data Migration,Məlumat Köçürməsi,
Data Migration Connector,Məlumat Köçürməsi Bağlayıcısı,
Data Migration Mapping,Məlumat Köçürməsi Xəritəsi,
Data Migration Mapping Detail,Məlumat Köçürməsi Xəritə Detalı,
Data Migration Plan,Məlumat Köçürməsi Planı,
Data Migration Plan Mapping,Məlumat Köçürməsi Planı Xəritəsi,
Data Migration Run,Məlumat Köçürməsi İcrası,
Data missing in table,Cədvəldə məlumat yoxdur,
Database Engine,Veritabanı Mühərriki,
Database Name,Veritabanı Adı,
Date and Number Format,Tarix və Nömrə Formatı,
Date {0} must be in format: {1},Tarix {0} formatında olmalıdır: {1},
Dates are often easy to guess.,Tarixləri tez-tez tapmaq asandır.,
Day of Week,Həftənin Günü,
Days After,Günlər Sonra,
Days Before,Günlər Əvvəl,
Days Before or After,Günlər Əvvəl və ya Sonra,
"Dear System Manager,","Hörmətli Sistem Meneceri,",
"Dear User,","Hörmətli İstifadəçi,",
Dear {0},Hörmətli {0},
Default Address Template cannot be deleted,Defolt Ünvan Şablonu silinməyi mümkün deyil,
Default Inbox,Defolt Gələnlər Qutusu,
Default Incoming,Defolt Gələn,
Default Outgoing,Defolt Gedən,
Default Print Format,Defolt Çap Formatı,
Default Print Language,Defolt Çap Dili,
Default Redirect URI,Defolt Yenidən Yönləndirmə URI,
Default Role at Time of Signup,Defolt Qeydiyyat Zamanı Rol,
Default Sending,Defolt Göndərmə,
Default Sending and Inbox,Defolt Göndərmə və Gələnlər Qutusu,
Default Sort Field,Defolt Sıralama Sahəsi,
Default Sort Order,Defolt Sıralama Sırası,
Default Value,Defolt Dəyər,
Default: "Contact Us",Defolt: "Bizimlə Əlaqə",
DefaultValue,DefoltDəyər,
Define workflows for forms.,Formalar üçün iş axınlarını müəyyənləşdirin.,
Defines actions on states and the next step and allowed roles.,Dövlətlərdə və növbəti addımda icazəli rolları müəyyənləşdirir.,
Defines workflow states and rules for a document.,Bir sənəd üçün iş axını dövlətlərini və qaydalarını müəyyənləşdirir.,
Delayed,Gecikmiş,
Delete Data,Məlumatı Sil,
Delete comment?,Şərhi silmək?,
Delete this record to allow sending to this email address,Bu e-poçt ünvanına göndərməyə icazə vermək üçün bu qeydi silin,
Delete {0} items permanently?,{0} elementi daimi olaraq silinsin?,
Deleted,Silinmiş,
Deleted DocType,Silinmiş DocType,
Deleted Document,Silinmiş Sənəd,
Deleted Documents,Silinmiş Sənədlər,
Deleted Name,Silinmiş Ad,
Deleting {0},{0} silinir,
Depends On,Asılıdır,
Descendants Of,Nəsilləri,
Desk,Masası,
Desk Access,Masa Girişi,
Desktop Icon,Masaüstü İkonu,
Desktop Icon already exists,Masaüstü İkonu artıq mövcuddur,
Developer,Tərtibatçı,
Did not add,Əlavə edilmədi,
Did not cancel,Ləğv edilmədi,
Did not find {0} for {0} ({1}),{0} üçün {0} ({1}) tapılmadı,
Did not remove,Silinmədi,
"Different ""States"" this document can exist in. Like ""Open"", ""Pending Approval"" etc.","Bu sənədin mövcud ola biləcəyi fərqli ""Dövlətlər"". Məsələn ""Açıq"", ""Təsdiq Gözlənilir"" və s.",
Direct,Birbaşa,
Direct room with {0} already exists.,{0} ilə birbaşa otaq artıq mövcuddur.,
Disable Auto Refresh,Avtomatik Yeniləmə Dayandır,
Disable Count,Sayımı Dayandır,
Disable Customer Signup link in Login page,Daxil Olma Səhifəsində Müştəri Qeydiyyatı linkini dayandır,
Disable Prepared Report,Hazırlanmış Hesabatı Deaktiv Et,
Disable Report,Hesabatı Deaktiv Et,
Disable SMTP server authentication,SMTP server autentifikasiyasını deaktiv et,
Disable Sidebar Stats,Yan Panel Statistikasını Deaktiv Et,
Disable Signup,Qeydiyyatı Deaktiv Et,
Disable Standard Email Footer,Standart Email Altlığı Deaktiv Et,
Discard,At,
Display,Göstər,
Display Depends On,Göstərmə Asılıdır,
Do not allow user to change after set the first time,İlk dəfə təyin edildikdən sonra istifadəçinin dəyişiklik etməsinə icazə verməyin,
Do not edit headers which are preset in the template,Şablonda əvvəlcədən təyin edilmiş başlıqları redaktə etməyin,
Do not send Emails,Email göndərməyin,
Doc Event,Sənəd Hadisəsi,
Doc Events,Sənəd Hadisələri,
Doc Status,Sənəd Statusu,
DocField,Sənəd Sahəsi,
DocPerm,Sənəd İcazəsi,
DocShare,Sənəd Paylaşımı,
DocType <b>{0}</b> provided for the field <b>{1}</b> must have atleast one Link field,Sənəd Növü <b>{0}</b> üçün <b>{1}</b> sahəsi ən azı bir Link sahəsinə malik olmalıdır,
DocType can not be merged,Sənəd Növü birləşdirilə bilməz,
DocType can only be renamed by Administrator,Sənəd Növü yalnız Administrator tərəfindən adlandırıla bilər,
DocType is a Table / Form in the application.,Sənəd Növü tətbiqdə Cədvəl / Formadır.,
DocType must be Submittable for the selected Doc Event,Seçilmiş Sənəd Hadisəsi üçün Sənəd Növü təqdim edilə bilən olmalıdır,
DocType on which this Workflow is applicable.,Bu İş Axını üçün uyğun olan Sənəd Növü.,
"DocType's name should start with a letter and it can only consist of letters, numbers, spaces and underscores","Sənəd Növünün adı hərflə başlamalıdır və yalnız hərflər, rəqəmlər, boşluqlar və alt xətlərdən ibarət ola bilər",
Doctype required,Sənəd növü tələb olunur,
Document,Sənəd,
Document Follow,Sənəd İzləmə,
Document Follow Notification,Sənəd İzləmə Bildirişi,
Document Queued,Sənəd Növbəyə Alındı,
Document Restored,Sənəd Bərpa Olundu,
Document Share Report,Sənəd Paylaşma Hesabatı,
Document States,Sənəd Dövlətləri,
Document Type is not importable,Sənəd Növü idxal edilə bilmir,
Document Type is not submittable,Sənəd Növü təqdim edilə bilmir,
Document Type to Track,İzləmək üçün Sənəd Növü,
Document Types,Sənəd Növləri,
Document can't saved.,Sənəd saxlanıla bilmir.,
Document {0} has been set to state {1} by {2},Sənəd {0} {1} vəziyyətinə {2} tərəfindən təyin edilib,
Documents,Sənədlər,
Documents assigned to you and by you.,Sizə və sizin tərəfinizdən təyin edilmiş sənədlər.,
Domain Settings,Domen Parametrləri,
Domains HTML,Domenlər HTML,
"Don't HTML Encode HTML tags like &lt;script&gt; or just characters like &lt; or &gt;, as they could be intentionally used in this field","HTML etiketlərini &lt;script&gt; və ya &lt; və &gt; kimi yalnız simvolları HTML Kodlaşdırmayın, çünki bunlar bu sahədə qəsdən istifadə oluna bilər",
Don't Override Status,Statusu üstələməyin,
Don't create new records,Yeni qeydlər yaratmayın,
Don't have an account? Sign up,Hesabınız yoxdur? Qeydiyyatdan keçin,
"Don't know, ask 'help'","Bilmirsiniz, 'kömək' deyin",
Download Data,Məlumatı Yükləyin,
Download Files Backup,Faylları Yedəkləyin,
Download Link,Yükləmə Linki,
Download Report,Hesabatı Yükləyin,
Download Your Data,Məlumatınızı Yükləyin,
Download link for your backup will be emailed on the following email address: {0},Yedek üçün yükləmə linki aşağıdakı e-poçt ünvanına göndəriləcək: {0},
Download with Data,Məlumatla yüklə,
Drag and Drop tool to build and customize Print Formats.,Çap formatlarını yaratmaq və fərdiləşdirmək üçün sürüklə və burax aləti.,
Drag elements from the sidebar to add. Drag them back to trash.,Yan paneldən elementləri sürükləyərək əlavə et. Onları yenidən zibil qutusuna sürükləyin.,
Dropbox Access Key,Dropbox Giriş Açarı,
Dropbox Access Secret,Dropbox Giriş Gizliliyi,
Dropbox Access Token,Dropbox Giriş Tokeni,
Dropbox Settings,Dropbox Parametrləri,
Dropbox Setup,Dropbox Quraşdırması,
Dropbox access is approved!,Dropbox girişi təsdiqləndi!,
Dropbox backup settings,Dropbox yedek parametrləri,
Duplicate Filter Name,Təkrarlanan Filtr Adı,
Dynamic Link,Dinamik Link,
Dynamic Report Filters,Dinamik Hesabat Filtrləri,
ESC,ESC,
Edit Auto Email Report Settings,Avtomatik E-poçt Hesabat Parametrlərini Redaktə Et,
Edit Custom HTML,Xüsusi HTML-i Redaktə Et,
Edit DocType,DocType-u Redaktə Et,
Edit Filter,Filtri Redaktə Et,
Edit Format,Formatı Redaktə Et,
Edit HTML,HTML-i Redaktə Et,
Edit Heading,Başlığı Redaktə Et,
Edit Properties,Xüsusiyyətləri Redaktə Et,
Edit to add content,Məzmun əlavə etmək üçün redaktə et,
Edit {0},Redaktə et {0},
Editable Grid,Redaktə Olunan Şəbəkə,
Editing Row,Sətiri Redaktə Edir,
Eg. smsgateway.com/api/send_sms.cgi,Məs. smsgateway.com/api/send_sms.cgi,
Email Account Name,E-poçt Hesabının Adı,
Email Account added multiple times,E-poçt Hesabı bir neçə dəfə əlavə edilib,
Email Addresses,E-poçt Ünvanları,
Email Domain,E-poçt Domeni,
"Email Domain not configured for this account, Create one?","Bu hesab üçün e-poçt domeni konfiqurasiya edilməyib, birini yaradaq?",
Email Flag Queue,E-poçt Flaggı Queues,
Email Footer Address,E-poçt Altbilgi Ünvanı,
Email Group,E-poçt Qrupu,
Email Group List,E-poçt Qrupu Siyahısı,
Email Group Member,E-poçt Qrupu Üzvü,
Email Login ID,E-poçt Girişi ID-si,
Email Queue,E-poçt Queue,
Email Queue Recipient,E-poçt Queue Alıcısı,
Email Queue records.,E-poçt Queue qeydləri.,
Email Reply Help,E-poçt Cavab Kömək,
Email Rule,E-poçt Qaydasını,
Email Server,E-poçt Serveri,
Email Settings,E-poçt Parametrləri,
Email Signature,E-poçt İmzası,
Email Status,E-poçt Statusu,
Email Sync Option,E-poçt Sinkronizasiya Seçimi,
Email Templates for common queries.,Ümumi sorğular üçün E-poçt Şablonları.,
Email To,E-poçt Üçün,
Email Unsubscribe,E-poçtdan İstefa,
Email has been marked as spam,E-poçt spam kimi işarələnib,
Email has been moved to trash,E-poçt zibil qutusuna köçürülüb,
Email not sent to {0} (unsubscribed / disabled),E-poçt {0}-a göndərilmədi (istifadədən çıxarılıb / deaktiv edilib),
Email not verified with {0},E-poçt {0} ilə təsdiqlənməyib,
Emails are muted,E-poçtlar susdurulub,
Emails will be sent with next possible workflow actions,E-poçtlar növbəti mümkün iş axını addımları ilə göndəriləcək,
Embed image slideshows in website pages.,Veb sayt səhifələrində şəkil slaydlarını daxil edin.,
Enable / Disable Domains,Domenləri Aktivləşdir / Deaktivləşdir,
Enable Auto Reply,Avtomatik Cavabı Aktivləşdir,
Enable Automatic Backup,Avtomatik Yedəkləməni Aktivləşdir,
Enable Chat,Söhbəti Aktivləşdir,
Enable Comments,Şərhləri Aktivləşdir,
Enable Incoming,Gələnləri Aktivləşdir,
Enable Outgoing,Çıxanları Aktivləşdir,
Enable Password Policy,Şifrə Siyasətini Aktivləşdir,
Enable Print Server,Çap Serverini Aktivləşdir,
Enable Raw Printing,Xam Çapı Aktivləşdir,
Enable Report,Hesabatı Aktivləşdir,
Enable Scheduled Jobs,Planlaşdırılmış İşləri Aktivləşdir,
Enable Social Login,Sosial Girişi Aktivləşdir,
Enable Two Factor Auth,İki Faktorlu Doğrulmanı Aktivləşdir,
Enabled email inbox for user {0},İstifadəçi üçün e-poçt qutusu aktivləşdirildi {0},
"Encryption key is invalid, Please check site_config.json","Şifrələmə açarı etibarsızdır, xahiş edirəm site_config.json-u yoxlayın",
End Date Field,Son Tarix Sahəsi,
End Date cannot be before Start Date!,Son Tarix Başlanğıc Tarixindən əvvəl ola bilməz!,
Endpoint URL,Son Nöqtə URL,
Energy Point Log,Enerji Nöqtəsi Gündəlik,
Energy Point Rule,Enerji Nöqtəsi Qayda,
Energy Point Settings,Enerji Nöqtəsi Parametrləri,
Energy Points,Enerji Nöqtələri,
Enter Email Recipient(s),E-poçt Alıcısını daxil edin,
Enter Form Type,Forma Növünü daxil edin,
"Enter default value fields (keys) and values. If you add multiple values for a field, the first one will be picked. These defaults are also used to set ""match"" permission rules. To see list of fields, go to ""Customize Form"".","Varsayılan dəyər sahələrini (açarları) və dəyərləri daxil edin. Bir sahəyə bir neçə dəyər əlavə etsəniz, birincisi seçiləcək. Bu varsayılanlar ""uyğunluq"" icazə qaydalarını təyin etmək üçün də istifadə olunur. Sahələrin siyahısını görmək üçün ""Forma Xüsusiləşdir"" bölümünə keçin.",
Enter folder name,Qovluq adını daxil edin,
"Enter keys to enable login via Facebook, Google, GitHub.","Facebook, Google, GitHub vasitəsilə girişi aktivləşdirmək üçün açarları daxil edin.",
Enter python module or select connector type,Python modulu daxil edin və ya qoşucu tipini seçin,
"Enter static url parameters here (Eg. sender=ERPNext, username=ERPNext, password=1234 etc.)","Burada statik URL parametrlərini daxil edin (məs. göndərən=ERPNext, istifadəçi adı=ERPNext, şifrə=1234 və s.)",
Enter url parameter for message,Mesaj üçün URL parametrini daxil edin,
Enter url parameter for receiver nos,Alıcı nömrələri üçün URL parametrini daxil edin,
Enter your password,Şifrənizi daxil edin,
Entity Name,Subyekt Adı,
Equals,Bərabərdir,
Error Message,Xəta Mesajı,
Error Report,Xəta Hesabatı,
Error Snapshot,Xəta Şəkli,
Error in Custom Script,Xüsusi Skriptdə Xəta,
Error in Notification,Bildirişdə Xəta,
Error in Notification: {},Bildirişdə Xəta: {},
Error while connecting to email account {0},E-poçt hesabına qoşularkən xəta {0},
Error while evaluating Notification {0}. Please fix your template.,Bildiriş {0} qiymətləndirilərkən xəta. Xahiş edirəm şablonunuzu düzəldin.,
Error: Document has been modified after you have opened it,Xəta: Sənəd açıldıqdan sonra dəyişdirilib,
Error: Value missing for {0}: {1},Xəta: {0} üçün dəyər yoxdur: {1},
Errors in Background Events,Arxa Plan Hadisələrində Xətalar,
Event Category,Hadisə Kateqoriyası,
Event Participants,Hadisə İştirakçıları,
Event Type,Hadisə Növü,
Event and other calendars.,Hadisə və digər təqvimlər.,
Events in Today's Calendar,Bu Günün Təqvimindəki Hadisələr,
Everyone,Hamı,
Example,Nümunə,
Example Email Address,Nümunə E-poçt Ünvanı,
Example: {{ subject }},Nümunə: {{ subject }},
Excel,Excel,
Exception,İstisna,
Exception Type,İstisna Növü,
Execution Time: {0} sec,İcra müddəti: {0} saniyə,
Expert,Mütəxəssis,
Expiration time,Son tarix,
Expire Notification On,Son tarix bildirişi aktivdir,
Expires In,Bitir:,
Expiry time of QR Code Image Page,QR Kod Şəkil Səhifəsinin müddəti,
Export All {0} rows?,Bütün {0} sətirləri ixrac edilsin?,
Export Custom Permissions,Xüsusi icazələri ixrac et,
Export Customizations,Xüsusiləşdirmələri ixrac et,
Export Data,Məlumatı ixrac et,
Export Data in CSV / Excel format.,Məlumatı CSV / Excel formatında ixrac et.,
Export Report: {0},Hesabatı ixrac et: {0},
Expose Recipients,Alıcıları açıq et,
"Expression, Optional","İfadə, İstəyə bağlı",
Facebook,Facebook,
Failed to complete setup,Quraşdırmanı tamamlamaqda uğursuz oldu,
Failed to connect to server,Serverə qoşulmaqda uğursuz oldu,
Failed while amending subscription,Abunəliyi dəyişdirməkdə uğursuz oldu,
FavIcon,FavIcon,
Feedback Request,Rəy Tələbi,
Fetch From,Al,
Fetch If Empty,Boşdursa al,
Fetch Images,Şəkilləri al,
Fetch attached images from document,Sənəddən əlavə edilmiş şəkilləri al,
Field "route" is mandatory for Web Views,"route" sahəsi Veb Görüntülər üçün məcburidir,
Field "value" is mandatory. Please specify value to be updated,"value" sahəsi məcburidir. Yenilənəcək dəyəri göstərin,
Field Description,Sahə Təsviri,
Field Maps,Sahə Xəritələri,
Field Type,Sahə Növü,
"Field that represents the Workflow State of the transaction (if field is not present, a new hidden Custom Field will be created)","Əməliyyatın Workflow Dövlətini təmsil edən sahə (sahə mövcud deyilsə, yeni gizli Xüsusi Sahə yaradılacaq)",
Field to Track,İzləniləcək sahə,
Field type cannot be changed for {0},Sahə tipi {0} üçün dəyişdirilə bilməz,
Field {0} not found.,Sahə {0} tapılmadı.,
Fieldname is limited to 64 characters ({0}),Sahə adı 64 simvol ilə məhdudlaşır ({0}),
Fieldname not set for Custom Field,Xüsusi Sahə üçün sahə adı təyin edilməyib,
Fieldname which will be the DocType for this link field.,Bu link sahəsi üçün DocType olacaq sahə adı.,
Fieldname {0} cannot have special characters like {1},Sahə adı {0} {1} kimi xüsusi simvolları ehtiva edə bilməz,
Fieldname {0} conflicting with meta object,Sahə adı {0} meta obyekti ilə münaqişə edir,
Fields Multicheck,Sahələr Çoxseçim,
"Fields separated by comma (,) will be included in the "Search By" list of Search dialog box","Virgül (,) ilə ayrılmış sahələr "Axtarışla" siyahısına daxil ediləcək",
Fieldtype,Sahə tipi,
Fieldtype cannot be changed from {0} to {1} in row {2},"Sahə tipi {0} -dan {1} -ə dəyişdirilə bilməz, sətir {2}",
File '{0}' not found,Fayl '{0}' tapılmadı,
File Backup,Fayl Yedəkləmə,
File Name,Fayl Adı,
File Size,Fayl Ölçüsü,
File Type,Fayl Növü,
File URL,Fayl URL,
File Upload,Fayl Yükləmə,
File Upload Disconnected. Please try again.,Fayl Yükləmə Bağlandı. Zəhmət olmasa yenidən cəhd edin.,
File Upload in Progress. Please try again in a few moments.,Fayl Yükləmə Prosesdədir. Bir neçə dəqiqədən sonra yenidən cəhd edin.,
File backup is ready,Fayl yedəklənməsi hazırdır,
File not attached,Fayl əlavə edilməyib,
File size exceeded the maximum allowed size of {0} MB,Fayl ölçüsü maksimum icazə verilən {0} MB ölçüsünü keçdi,
File too big,Fayl çox böyükdür,
File {0} does not exist,Fayl {0} mövcud deyil,
Files,Fayllar,
Filter,Filtr,
Filter Data,Veriləri Filtrlə,
Filter List,Siyahını Filtrlə,
Filter Meta,Meta Filtrlə,
Filter Name,Adı Filtrlə,
Filter Values,Dəyərləri Filtrlə,
Filter must be a tuple or list (in a list),Filtr bir tuple və ya list (list içində) olmalıdır,
"Filter must have 4 values (doctype, fieldname, operator, value): {0}","Filtr 4 dəyərə (doctype, fieldname, operator, value) malik olmalıdır: {0}",
Filter...,Filtr...,
Filtered by "{0}","{0}" ilə Filtrlenmiş,
Filters Display,Filtrlərin Göstərilməsi,
Filters JSON,Filtrlərin JSON-u,
Filters saved,Filtrlər saxlanılıb,
Find {0} in {1},{1}-də {0}-ı tap,
First Level,Birinci Səviyyə,
First Success Message,Birinci Uğur Mesajı,
First Transaction,Birinci Əməliyyat,
First data column must be blank.,Birinci məlumat sütunu boş olmalıdır.,
First set the name and save the record.,Əvvəlcə adını təyin edin və qeydi saxlayın.,
Flag,Bayraq,
Float,Float,
Float Precision,Float Dəqiqliyi,
Fold,Yığ,
Fold can not be at the end of the form,Yığ formanın sonunda ola bilməz,
Fold must come before a Section Break,Yığ bir Bölmə Ayrıcısından əvvəl gəlməlidir,
Folder,Qovluq,
Folder name should not include '/' (slash),Qovluq adı '/' (slash) daxil etməməlidir,
Folder {0} is not empty,Qovluq {0} boş deyil,
Follow,İzləmək,
Followed by,İzləniləndir,
Following fields are missing:,Aşağıdakı sahələr itir:,
Following fields have missing values:,Aşağıdakı sahələrdə dəyərlər çatışmır:,
Font,Yazı tipi,
Font Size,Yazı tipi Ölçüsü,
Fonts,Yazı tipləri,
Footer,Altbilgi,
Footer HTML,Altbilgi HTML,
Footer Items,Altbilgi Elementləri,
Footer will display correctly only in PDF,Altbilgi yalnız PDF-də düzgün görünəcək,
For Document Type,Sənəd Növü üçün,
"For Links, enter the DocType as range.\nFor Select, enter list of Options, each on a new line.","Bağlantılar üçün, DocType-u aralıq kimi daxil edin.\nSeçimlər üçün, hər biri yeni bir sətirdə olan Seçimlər siyahısını daxil edin.",
For User,İstifadəçi üçün,
For Value,Dəyər üçün,
"For currency {0}, the minimum transaction amount should be {1}","Valyuta {0} üçün, minimum əməliyyat məbləği {1} olmalıdır",
For example if you cancel and amend INV004 it will become a new document INV004-1. This helps you to keep track of each amendment.,"Məsələn, əgər siz INV004-ü ləğv edib dəyişdirsəniz, o yeni sənəd INV004-1 olacaq. Bu, hər bir dəyişiklikdə izləməyi asanlaşdırır.",
"For example: If you want to include the document ID, use {0}","Məsələn: Əgər sənəd ID-sini daxil etmək istəyirsinizsə, {0} istifadə edin",
"For updating, you can update only selective columns.","Yeniləmə üçün, yalnız seçilmiş sütunları yeniləyə bilərsiniz.",
For {0} at level {1} in {2} in row {3},{2}-də {1} səviyyəsində {0} üçün {3} sətirində,
Force,Məcbur,
Force Show,Göstərməyi Məcbur Et,
Forgot Password,Şifrəni Unutdunuz,
Forgot Password?,Şifrəni Unutdunuz?,
Form Customization,Forma Xüsusiləşdirməsi,
Form Settings,Forma Parametrləri,
Format,Format,
Format Data,Veriləri Formatla,
Forward To Email Address,E-poçt ünvanına Göndər,
Fraction,Fraksiya,
Fraction Units,Fraksiya Vahidləri,
Frames,Kadrlar,
Frappe,Frappe,
Frappe Framework,Frappe Framework,
Friendly Title,Dost Başlıq,
From Date Field,Tarix Sahəsindən,
From Document Type,Sənəd Növündən,
From Full Name,Tam Adından,
Full Page,Tam Səhifə,
Fw: {0},Fw: {0},
GCalendar Sync ID,GCalendar Sinxronizasiya ID,
GMail,GMail,
Gantt,Gantt,
Gateway,Qapı,
Gateway Controller,Qapı Nəzarətçisi,
Gateway Settings,Qapı Parametrləri,
Generate Keys,Açarlar Yarat,
Generate New Report,Yeni Hesabat Yarat,
Generated File,Yaradılan Fayl,
Geo,Geo,
Geolocation,Geolokasiya,
Get Alerts for Today,Bugünkü Xəbərləri Al,
Get Contacts,Əlaqələri Al,
Get Fields,Sahələri Al,
Get your globally recognized avatar from Gravatar.com,Gravatar.com-dan qlobal tanınmış avatarınızı əldə edin,
GitHub,GitHub,
Give Review Points,Rəy Xalları Ver,
Global Unsubscribe,Qlobal İstefa,
Go to the document,Sənədə keç,
Go to this URL after completing the form (only for Guest users),Formanı tamamladıqdan sonra bu URL-yə keçin (yalnız Qonaq istifadəçilər üçün),
Go to {0},{0}-a keç,
Go to {0} List,{0} Siyahısına keç,
Go to {0} Page,{0} Səhifəsinə keç,
Google,Google,
Google Analytics ID,Google Analytics ID,
Google Calendar ID,Google Calendar ID,
Google Font,Google Font,
Google Services,Google Xidmətləri,
Grant Type,Verilmə Növü,
Group Name,Qrup Adı,
Group name cannot be empty.,Qrup adı boş ola bilməz.,
Groups of DocTypes,DocType-lərin Qrupları,
HTML,HTML,
HTML Editor,HTML Redaktoru,
"HTML Header, Robots and Redirects","HTML Başlığı, Robotlar və Yenidən Yönləndirmələr",
HTML for header section. Optional,Başlıq bölməsi üçün HTML. İstəyə bağlı,
Half,Yarım,
Has  Attachment,Əlavə Var,
Has Attachments,Əlavələr Var,
Has Domain,Domen Var,
Has Role,Rol Var,
Has Web View,Veb Görünüşü Var,
Have an account? Login,Hesabınız varmı? Daxil olun,
Header,Başlıq,
Header HTML,Başlıq HTML,
Header HTML set from attachment {0},{0} əlavəsindən müəyyən edilmiş Başlıq HTML,
Header Image,Başlıq Şəkili,
Headers,Başlıqlar,
Heading,Başlıq,
Hello {0},Salam {0},
Hello!,Salam!,
Help Articles,Kömək Məqalələri,
Help Category,Kömək Kateqoriyası,
Help on Search,Axtarışda Kömək,
"Help: To link to another record in the system, use "#Form/Note/[Note Name]" as the Link URL. (don't use "http://")","Kömək: Sistemdə başqa bir qeydə keçmək üçün "#Form/Note/[Qeyd Adı]" link URL-si kimi istifadə edin. (http:// istifadə etməyin)",
Helvetica,Helvetica,
Hi {0},Salam {0},
Hide Copy,Kopyanı Gizlət,
Hide Footer Signup,Altbilgi Qeydini Gizlət,
Hide Sidebar and Menu,Yan Paneli və Menyunu Gizlət,
Hide Standard Menu,Standart Menyunu Gizlət,
Hide Weekends,Həftə Sonlarını Gizlət,
Hide details,Təfərrüatları Gizlət,
Hide footer in auto email reports,Avtomatik e-poçt hesabatlarında altbilgini gizlət,
Higher priority rule will be applied first,Yüksək prioritet qayda əvvəlcə tətbiq olunacaq,
Highlight,Vurğula,
"Hint: Include symbols, numbers and capital letters in the password","İpucu: Şifrəni daxil edərkən simvollar, rəqəmlər və böyük hərflər daxil edin",
Home Page,Ana Səhifə,
Home Settings,Ana Parametrlər,
Home/Test Folder 1,Ana/Test Qovluğu 1,
Home/Test Folder 1/Test Folder 3,Ana/Test Qovluğu 1/Test Qovluğu 3,
Home/Test Folder 2,Ana/Test Qovluğu 2,
"How should this currency be formatted? If not set, will use system defaults","Bu valyuta necə formatlanmalıdır? Əgər təyin edilməyibsə, sistemin standartları istifadə olunacaq.",
I found these:,Mən bunları tapdım:,
ID,ID,
ID (name) of the entity whose property is to be set,Təyin ediləcək əmlakın entitəsinin ID (adı),
Icon will appear on the button,İkon düymədə görünəcək,
Identity Details,Şəxsiyyət Detalları,
"If Apply Strict User Permission is checked and User Permission is defined for a DocType for a User, then all the documents where value of the link is blank, will not be shown to that User","Əgər Sıx İstifadəçi İcazəsi tətbiq edilibsə və İstifadəçi üçün bir DocType üçün İstifadəçi İcazəsi müəyyən edilibsə, o zaman bağlantının dəyəri boş olan bütün sənədlər həmin İstifadəçiyə göstərilməyəcək.",
If Checked workflow status will not override status in list view,"Əgər Təsdiqlənibsə, iş axını statusu siyahı görünüşündəki statusu üstələməyəcək.",
If Owner,Əgər Sahibi,
"If a Role does not have access at Level 0, then higher levels are meaningless.","Əgər bir Rol Səviyyə 0-da girişə malik deyilsə, o zaman daha yüksək səviyyələr mənasızdır.",
"If checked, all other workflows become inactive.","Əgər təsdiqlənibsə, bütün digər iş axınları qeyri-aktiv olacaq.",
"If checked, this field will be not overwritten based on Fetch From if a value already exists.","Əgər təsdiqlənibsə, bu sahə Fetch From-a əsaslanaraq yenidən yazılmayacaq əgər artıq bir dəyər mövcuddursa.",
"If checked, users will not see the Confirm Access dialog.","Əgər təsdiqlənibsə, istifadəçilər Təsdiqləmə Girişi dialoqunu görməyəcək.",
"If disabled, this role will be removed from all users.","Əgər deaktiv edilibsə, bu rol bütün istifadəçilərdən silinəcək.",
"If enabled,  user can login from any IP Address using Two Factor Auth, this can also be set for all users in System Settings","Əgər aktiv edilibsə, istifadəçi İki Faktorlu Doğrulama istifadə edərək istənilən IP Ünvanından daxil ola bilər, bu, həmçinin Sistem Parametrlərində bütün istifadəçilər üçün təyin oluna bilər.",
"If enabled, all users can login from any IP Address using Two Factor Auth. This can also be set only for specific user(s) in User Page","Əgər aktiv edilibsə, bütün istifadəçilər İki Faktorlu Doğrulama istifadə edərək istənilən IP Ünvanından daxil ola bilərlər. Bu, yalnız konkret istifadəçi(lar) üçün İstifadəçi Səhifəsində təyin oluna bilər.",
"If enabled, changes to the document are tracked and shown in timeline","Əgər aktiv edilibsə, sənəd üzrə dəyişikliklər izlənilir və zaman çizelgesində göstərilir.",
"If enabled, document views are tracked, this can happen multiple times","Əgər aktiv edilibsə, sənəd görünüşləri izlənilir, bu bir neçə dəfə baş verə bilər.",
"If enabled, the document is marked as seen, the first time a user opens it","Əgər aktiv edilibsə, sənəd istifadəçi ilk dəfə açdığında görünmüş olaraq işarələnir.",
"If enabled, the password strength will be enforced based on the Minimum Password Score value. A value of 2 being medium strong and 4 being very strong.","Əgər aktiv edilibsə, şifrə gücü Minimum Şifrə Balı dəyərinə əsaslanaraq tətbiq ediləcək. 2 dəyəri orta güclü, 4 dəyəri isə çox güclü hesab olunur.",
"If enabled, users who login from Restricted IP Address, won't be prompted for Two Factor Auth","Əgər aktivdirsə, Məhdud IP Ünvanından daxil olan istifadəçilərə İki Faktorlu Təsdiq üçün sorğu göndərilməyəcək.",
"If enabled, users will be notified every time they login. If not enabled, users will only be notified once.","Əgər aktivdirsə, istifadəçilər hər dəfə daxil olduqda bildiriləcək. Əgər aktiv deyilsə, istifadəçilər yalnız bir dəfə bildiriləcək.",
If non standard port (e.g. 587),"Standart olmayan port (məsələn, 587)",
"If non standard port (e.g. 587). If on Google Cloud, try port 2525.","Standart olmayan port (məsələn, 587). Əgər Google Cloud-da işləyirsə, 2525 portunu sınayın.",
"If not set, the currency precision will depend on number format","Təyin edilməzsə, valyuta dəqiqliyi ədədi formatdan asılı olacaq.",
If the condition is satisfied user will be rewarded with the points. eg. doc.status == 'Closed'\n,"Əgər şərt yerinə yetirilərsə, istifadəçi xal ilə mükafatlandırılacaq. məsələn, doc.status == 'Bağlı'",
"If the user has any role checked, then the user becomes a "System User". "System User" has access to the desktop","Əgər istifadəçinin hər hansı bir rolu yoxlanılıbsa, o zaman istifadəçi "Sistem İstifadəçisi" olur. "Sistem İstifadəçisi" masaüstünə girişə malikdir.",
"If these instructions where not helpful, please add in your suggestions on GitHub Issues.","Əgər bu təlimatlar faydalı deyilsə, xahiş edirik GitHub İssues-də təkliflərinizi əlavə edin.",
"If this is checked, rows with valid data will be imported and invalid rows will be dumped into a new file for you to import later.","Əgər bu yoxlanılıbsa, düzgün məlumat olan sətirlər idxal ediləcək və düzgün olmayan sətirlər daha sonra idxal etməyiniz üçün yeni bir fayla atılacaq.",
If user is the owner,Əgər istifadəçi sahibdirsə,
"If you are updating, please select ""Overwrite"" else existing rows will not be deleted.","Əgər yeniləyirsinizsə, ""Üst-üstə düşmək"" seçin, əks halda mövcud sətirlər silinməyəcək.",
If you are updating/overwriting already created records.,Əgər artıq yaradılmış qeydləri yeniləyirsinizsə/üst-üstə düşürsünüzsə.,
"If you are uploading new records, ""Naming Series"" becomes mandatory, if present.","Əgər yeni qeydlər yükləyirsinizsə, ""Adlandırma Seriyası"" məcburi olur, əgər varsa.",
"If you are uploading new records, leave the "name" (ID) column blank.","Əgər yeni qeydlər yükləyirsinizsə, "ad" (ID) sütununu boş saxlayın.",
If you don't want to create any new records while updating the older records.,Əgər köhnə qeydləri yeniləyərkən yeni qeydlər yaratmaq istəmirsinizsə.,
"If you set this, this Item will come in a drop-down under the selected parent.","Əgər bunu təyin etsəniz, bu Məhsul seçilmiş valideynin altında açılan menyuda görsənəcək.",
"If you think this is unauthorized, please change the Administrator password.","Əgər bunun icazəsiz olduğunu düşünürsünüzsə, xahiş edirik Administrator şifrəsini dəyişin.",
"If your data is in HTML, please copy paste the exact HTML code with the tags.","Əgər məlumatlarınız HTML-dədirsə, xahiş edirik etiketlərlə birlikdə dəqiq HTML kodunu kopyalayıb yapışdırın.",
Ignore User Permissions,İstifadəçi İcazələrini Yoxla,
Ignore XSS Filter,XSS Filtrini Yoxla,
Ignore attachments over this size,Bu ölçüdən böyük əlavələri Yoxla,
Ignore encoding errors,Kodlaşdırma xətalarını Yoxla,
Ignored: {0} to {1},Yoxlanıldı: {0} - {1},
Illegal Access Token. Please try again,"Qanunsuz Giriş Tokeni. Zəhmət olmasa, yenidən cəhd edin",
Illegal Document Status for {0},{0} üçün Qanunsuz Sənəd Statusu,
Image Field,Şəkil Sahəsi,
Image Link,Şəkil Bağlantısı,
Image field must be a valid fieldname,Şəkil sahəsi düzgün sahə adı olmalıdır,
Image field must be of type Attach Image,Şəkil sahəsi "Şəkil əlavə et" tipi olmalıdır,
Images,Şəkillər,
Implicit,İmplicit,
Import,İdxal,
Import Email From,E-poçtu İdxal Et,
Import Status,İdxal Statusu,
Import Subscribers,İdxal Abunəçiləri,
Import Zip,İdxal Zip,
In Filter,Filtrdə,
In Global Search,Qlobal Axtarışda,
In Grid View,Şəbəkə Görünüşündə,
In Hours,Saatlarda,
In List View,Siyahı Görünüşündə,
In Preview,İlkin Görünüşdə,
In Reply To,Cavab olaraq,
In Standard Filter,Standart Filtrdə,
In Valid Request,Düzgün Tələbdə,
In points. Default is 9.,xal. Default 9-dur.,
In seconds,saniyələrdə,
Include Search in Top Bar,Axtarışı Üst Çubuqda Daxil Et,
"Include symbols, numbers and capital letters in the password","Şifrədə simvolları, rəqəmləri və böyük hərfləri daxil et",
Incoming email account not correct,Gələn e-poçt hesabı düzgün deyil,
Incomplete login details,Tam olmayan giriş məlumatları,
Incorrect User or Password,Yanlış İstifadəçi və ya Şifrə,
Incorrect Verification code,Yanlış Təsdiq kodu,
Incorrect value in row {0}: {1} must be {2} {3},{sıra {0}: {1} düzgün dəyər olmalıdır {2} {3},
Incorrect value: {0} must be {1} {2},Yanlış dəyər: {0} {1} {2} olmalıdır,
Index,İndeks,
Indicator,İndikator,
Info,Məlumat,
Info:,Məlumat:,
Initial Sync Count,İlkin Sinxronizasiya Sayı,
InnoDB,InnoDB,
Insert Above,Yuxarıda Daxil Et,
Insert After,Sonra Daxil Et,
Insert After cannot be set as {0},Sonra Daxil Et {0} kimi təyin oluna bilməz,
"Insert After field '{0}' mentioned in Custom Field '{1}', with label '{2}', does not exist","Xüsusi Sahədə '{1}' qeyd olunan '{0}' sahəsi, '{2}' etiketi ilə mövcud deyil",
Insert Below,Aşağıda Daxil Et,
Insert Column Before {0},{0} -dan əvvəl Sütun Daxil Et,
Insert Style,Stil Daxil Et,
Insert new records,Yeni qeydləri Daxil Et,
Instructions Emailed,Təlimatlar E-poçtla Göndərildi,
Insufficient Permission for {0},{0} üçün Kafi İcazə yoxdur,
Int,Int,
Integration Request,İnteqrasiya Tələbi,
Integration Request Service,İnteqrasiya Tələbi Xidməti,
Integration Type,İnteqrasiya Növü,
Integrations,İnteqrasiyalar,
Integrations can use this field to set email delivery status,İnteqrasiyalar bu sahəni e-poçt çatdırılma statusunu təyin etmək üçün istifadə edə bilər,
Internal Server Error,Daxili Server Xətası,
Internal record of document shares,Sənəd paylaşmalarının daxili qeydi,
Introduce your company to the website visitor.,Şirkətinizi veb sayt ziyarətçisinə təqdim edin.,
Introductory information for the Contact Us Page,Bizimlə Əlaqə Səhifəsi üçün Tanıtım Məlumatları,
Invalid,Etibarsız,
Invalid "depends_on" expression,Etibarsız "depends_on" ifadəsi,
Invalid Access Key ID or Secret Access Key.,Yanlış Giriş Açar ID-si və ya Gizli Giriş Açarı.,
Invalid CSV Format,Yanlış CSV Formatı,
Invalid Home Page,Yanlış Ana Səhifə,
Invalid Link,Yanlış Link,
Invalid Login Token,Yanlış Giriş Tokeni,
Invalid Login. Try again.,Yanlış Giriş. Yenidən cəhd edin.,
Invalid Mail Server. Please rectify and try again.,Yanlış Mail Server. Zəhmət olmasa düzəldin və yenidən cəhd edin.,
Invalid Outgoing Mail Server or Port,Yanlış Çıxan Mail Server və ya Port,
Invalid Output Format,Yanlış Çıxış Formatı,
Invalid Password,Yanlış Şifrə,
Invalid Password:,Yanlış Şifrə:,
Invalid Request,Yanlış Sorğu,
Invalid Search Field {0},Yanlış Axtarış Sahəsi {0},
Invalid Subscription,Yanlış Abunə,
Invalid Token,Yanlış Token,
Invalid User Name or Support Password. Please rectify and try again.,Yanlış İstifadəçi Adı və ya Dəstək Şifrəsi. Zəhmət olmasa düzəldin və yenidən cəhd edin.,
Invalid column,Yanlış sütun,
Invalid field name {0},Yanlış sahə adı {0},
Invalid fieldname '{0}' in autoname,Autoname-də yanlışdır '{0}' sahə adı,
Invalid file path: {0},Yanlış fayl yolu: {0},
Invalid login or password,Yanlış giriş və ya şifrə,
Invalid module path,Yanlış modul yolu,
Invalid naming series (. missing),Yanlış adlandırma seriyası (. itkin),
Invalid payment gateway credentials,Yanlış ödəniş qapısı məlumatları,
Invalid recipient address,Yanlış alıcı ünvanı,
Invalid {0} condition,Yanlış {0} şərti,
Inverse,Tərs,
Is,Dir,
Is Attachments Folder,Əlavələr Qovluğu,
Is Child Table,Uşaq Cədvəli,
Is Custom Field,Xüsusi Sahədir,
Is First Startup,İlk Başlanğıcdır,
Is Folder,Qovluqdur,
Is Global,Qlobaldır,
Is Globally Pinned,Qlobal olaraq Yapışdırılıb,
Is Home Folder,Ana Qovluqdur,
Is Mandatory Field,Məcburi Sahədir,
Is Pinned,Yapışdırılıb,
Is Primary Contact,Əsas Əlaqədir,
Is Private,Şəxsi,
Is Published Field,Nəşr Olunmuş Sahədir,
Is Published Field must be a valid fieldname,Nəşr Olunmuş Sahə düzgün sahə adı olmalıdır,
Is Single,Təkdir,
Is Spam,Spamdır,
Is Standard,Standartdır,
Is Submittable,Təqdim Oluna Bilər,
Is Table,Cədvəldir,
Is Your Company Address,Sizin Şirkət Ünvanınızdır,
It is risky to delete this file: {0}. Please contact your System Manager.,Bu faylı silmək risklidir: {0}. Zəhmət olmasa Sistem Meneceri ilə əlaqə saxlayın.,
Item cannot be added to its own descendants,Maddə öz nəsillərinə əlavə oluna bilməz,
JavaScript Format: frappe.query_reports['REPORTNAME'] = {},JavaScript Formatı: frappe.query_reports['REPORTNAME'] = {},
Javascript to append to the head section of the page.,Səhifənin baş hissəsinə əlavə ediləcək Javascript.,
John Doe,John Doe,
Kanban,Kanban,
Kanban Board Column,Kanban Taxtası Sütunu,
Kanban Board Name,Kanban Taxtası Adı,
Karma,Karma,
Keep track of all update feeds,Bütün yeniləmə axınlarını izləyin,
Keeps track of all communications,Bütün ünsiyyətləri izləyir,
Key,Açar,
Knowledge Base,Bilgi Bazası,
Knowledge Base Contributor,Bilgi Bazası İştirakçısı,
Knowledge Base Editor,Bilgi Bazası Redaktoru,
LDAP Email Field,LDAP E-mail Sahəsi,
LDAP First Name Field,LDAP Ad Sahəsi,
LDAP Not Installed,LDAP Quraşdırılmayıb,
LDAP Search String,LDAP Axtarış Sırası,
"LDAP Search String needs to end with a placeholder, eg sAMAccountName={0}","LDAP Axtarış Sırası bir yer tutucu ilə bitməlidir, məsələn sAMAccountName={0}",
LDAP Security,LDAP Təhlükəsizliyi,
LDAP Server Url,LDAP Server URL,
LDAP Username Field,LDAP İstifadəçi Sahəsi,
LDAP is not enabled.,LDAP aktiv deyil.,
Label Help,Etiket Kömək,
Label and Type,Etiket və Növ,
Label is mandatory,Etiket məcburidir,
Landing Page,Ana Səhifə,
Language,Dil,
Language Code,Dil Kodu,
"Language, Date and Time settings","Dil, Tarix və Saat ayarları",
Last Active,Son Aktiv,
Last IP,Son IP,
Last Known Versions,Son Məlum Versiyalar,
Last Login,Son Daxil Olma,
Last Message,Son Mesaj,
Last Modified By,Son Dəyişdirən,
Last Modified Date,Son Dəyişdirilmə Tarixi,
Last Modified On,Son Dəyişdirilmə Tarixi,
Last Month,Son Ay,
Last Point Allocation Date,Son Nöqtə Təyinat Tarixi,
Last Quarter,Son Üçüncü,
Last Synced On,Son Senkronizasiya Tarixi,
Last Updated By,Son Yenilənən,
Last Updated On,Son Yenilənmə Tarixi,
Last User,Son İstifadəçi,
Last Week,Son Həftə,
Last Year,Son İl,
Last synced {0},Son senkronizasiya {0},
Leave a Comment,Şərh Burax,
Leave blank to repeat always,Həmişə təkrarlamaq üçün boş buraxın,
Leave this conversation,Bu söhbəti tərk et,
Left this conversation,Bu söhbəti tərk etdi,
Length,Uzunluq,
Length of {0} should be between 1 and 1000,{0} uzunluğu 1 ilə 1000 arasında olmalıdır,
Let's avoid repeated words and characters,Təkrarlanan sözlər və simvollardan qaçaq,
Let's prepare the system for first use.,Sistemi ilk istifadə üçün hazırlayaq.,
Letter,Məktub,
Letter Head Based On,Məktub Başlığı əsasında,
Letter Head Image,Məktub Başlığı Şəkili,
Letter Head Name,Məktub Başlığı Adı,
Letter Head in HTML,Məktub Başlığı HTML-də,
Level Name,Səviyyə Adı,
Liked,Bəyənildi,
Liked By,Bəyənən,
Liked by {0},{0} tərəfindən bəyənildi,
Likes,Bəyənmələr,
Limit Number of DB Backups,DB Yedəklərinin Sayını Məhdudlaşdır,
Line,Xətt,
Link DocType,Link DocType,
Link Expired,Linkin müddəti bitdi,
Link Name,Link Adı,
Link Title,Link Başlığı,
"Link that is the website home page. Standard Links (index, login, products, blog, about, contact)","Link, veb saytın ana səhifəsidir. Standart Linklər (index, login, products, blog, about, contact)",
Link to the page you want to open. Leave blank if you want to make it a group parent.,"Açmaq istədiyiniz səhifəyə link. Qrup valideyn etmək istəyirsinizsə, boş buraxın.",
Linked,Linked,
Linked With,Linked With,
Linked with {0},{0} ilə bağlı,
Links,Linklər,
List,Siyahı,
List Filter,Siyahı Filtri,
List View Setting,Siyahı Görünüş Ayarı,
List a document type,Bir sənəd növünü siyahıya alın,
"List as [{""label"": _(""Jobs""), ""route"":""jobs""}]","Siyahı olaraq [{""label"": _(""İşlər""), ""route"":""jobs""}]",
List of backups available for download,Yüklənmək üçün mövcud yedəklərin siyahısı,
List of patches executed,İcra edilmiş yamaların siyahısı,
List of themes for Website.,Veb sayt üçün mövzuların siyahısı.,
Load Balancing,Yük Balanslaşdırma,
Loading,Yüklənir,
Local DocType,Yerel DocType,
Local Fieldname,Yerel Sahə Adı,
Local Primary Key,Yerel Əsas Açar,
Locals,Yerel,
Log Details,Giriş Detalları,
Log of Scheduler Errors,Cədvəl Xətalarının Qeydi,
Log of error during requests.,Sorğular zamanı baş verən xətaların qeydi.,
Log of error on automated events (scheduler).,Avtomatlaşdırılmış hadisələrdə (cədvəl) baş verən xətaların qeydi.,
Logged Out,Çıxış edildi,
Logged in as Guest or Administrator,Qonaq və ya Administrator kimi daxil olunub,
Login,Daxil ol,
Login After,Daxil olmadan,
Login Before,Daxil olmadan əvvəl,
Login Id is required,Daxil olma ID-si tələb olunur,
Login Required,Daxil olma tələb olunur,
Login Verification Code from {},Daxil olma Doğrulama Kodu {},
Login and view in Browser,Daxil olun və Brauzerdə baxın,
Login not allowed at this time,Bu vaxtda daxil olmaq icazəsi verilmir,
"Login session expired, refresh page to retry","Daxil olma sessiyası bitmişdir, yenidən cəhd etmək üçün səhifəni yeniləyin",
Login to comment,Şərh etmək üçün daxil olun,
Login token required,Daxil olma tokeni tələb olunur,
Login with LDAP,LDAP ilə daxil olun,
Logout,Çıxış,
Long Text,Uzun Mətndə,
Looks like something is wrong with this site's Paypal configuration.,Bu saytın Paypal konfiqurasiyasında bir problem var kimi görünür.,
Looks like something is wrong with this site's payment gateway configuration. No payment has been made.,Bu saytın ödəniş qapısının konfiqurasiyasında bir problem var kimi görünür. Heç bir ödəniş edilməmişdir.,
"Looks like something went wrong during the transaction. Since we haven't confirmed the payment, Paypal will automatically refund you this amount. If it doesn't, please send us an email and mention the Correlation ID: {0}.","Transaksiya zamanı bir problem baş verdi. Ödənişi təsdiqləmədiyimiz üçün Paypal avtomatik olaraq sizə bu məbləği geri qaytaracaq. Əgər qaytarmasa, xahiş edirik bizə e-poçt göndərin və Korrelasiya ID-sini qeyd edin: {0}.",
Madam,Xanım,
Main Section,Əsas Bölmə,
Make "name" searchable in Global Search,"ad"ı Qlobal Axtarışda axtarış edilə bilən edin,
Make use of longer keyboard patterns,Daha uzun klaviatura naxışlarından istifadə edin,
Manage Third Party Apps,Üçüncü Tərəf Tətbiqlərini İdarə Edin,
Mandatory Information missing:,Məcburi Məlumat çatışmır:,
Mandatory field: set role for,Məcburi sahə: rol təyin edin,
Mandatory field: {0},Məcburi sahə: {0},
"Mandatory fields required in table {0}, Row {1}","{0} cədvəlində, {1} sətirində məcburi sahələr tələb olunur",
Mandatory fields required in {0},{0} içində məcburi sahələr tələb olunur,
Mandatory:,Məcburi:,
Mapping Name,Xəritə Adı,
Mappings,Xəritələr,
Mark as Read,Oxunmuş kimi işarələyin,
Mark as Spam,Spam kimi işarələyin,
Mark as Unread,Oxunmamış kimi işarələyin,
Markdown,Markdown,
Markdown Editor,Markdown Redaktoru,
Marked As Spam,Spam kimi işarələnmişdir,
Max 500 records at a time,Eyni anda maksimum 500 qeydi,
Max Attachment Size (in MB),Maksimum Əlavə Ölçüsü (MB-də),
Max Attachments,Maksimum Əlavələr,
Max Length,Maksimum Uzunluq,
Max Value,Maksimum Dəyər,
Max width for type Currency is 100px in row {0},Valyuta növü üçün maksimum genişlik {0} sətirində 100px-dir,
Maximum Attachment Limit for this record reached.,Bu qeydə maksimum əlavə limiti çatmışdır.,
Maximum {0} rows allowed,Maksimum {0} sətir icazə verilir,
"Meaning of Submit, Cancel, Amend","Təqdim et, İmtina et, Dəyişdir mənası",
Mention transaction completion page URL,Transaksiya tamamlanma səhifəsinin URL-ni qeyd edin,
Mentions,Təqdimatlar,
Menu,Menyu,
Merchant ID,Ticarətçi ID,
Merge with existing,Mövcud olanla birləşdir,
Merging is only possible between Group-to-Group or Leaf Node-to-Leaf Node,Birləşdirmə yalnız Qrupdan-Qrupa və ya Yarpaq Düyünündən-Yarpaq Düyününə mümkündür,
Message Count,Mesaj Sayı,
Message ID,Mesaj ID,
Message Parameter,Mesaj Parametri,
Message Preview,Mesaj Önizləməsi,
Message clipped,Mesaj kəsilmişdir,
Message not setup,Mesaj qurulmamışdır,
Message to be displayed on successful completion (only for Guest users),Uğurla tamamlandıqda göstəriləcək mesaj (yalnız Qonaq istifadəçilər üçün),
Message-id,Mesaj-id,
Meta Tags,Meta Etiketlər,
Migration ID Field,Köçürmə ID Sahəsi,
Milestone,Mərhələ,
Milestone Tracker,Mərhələ İzləyici,
Minimum Password Score,Minimum Şifrə Balı,
Miss,İtki,
Missing Fields,İtən Sahələr,
Missing parameter Kanban Board Name,İtən parametr Kanban Taxtası Adı,
Missing parameters for login,Giriş üçün itən parametrlər,
Models (building blocks) of the Application,Tətbiqin Modelləri (tikinti blokları),
Modified By,Dəyişdirən,
Module,Modul,
Module Def,Modul Tərifi,
Module Name,Modul Adı,
Module Not Found,Modul Tapılmadı,
Module Path,Modul Yolu,
Module to Export,İxrac ediləcək Modul,
Modules HTML,Modullar HTML,
Monospace,Monospace,
More articles on {0},{0} haqqında daha çox məqalə,
More content for the bottom of the page.,Səhifənin altı üçün daha çox məzmun.,
Most Used,Ən Çox İstifadə Edilən,
Move To,Köçür,
Move To Trash,Zibil qutusuna köçür,
Move to Row Number,Sıra Nömrəsinə köçür,
Mr,Cənab,
Mrs,Xanım,
Ms,Xanım,
Multiple root nodes not allowed.,Çoxlu kök düyünlərinə icazə verilmir.,
Multiplier Field,Çarpan Sahəsi,
Must be of type "Attach Image","Şəkil əlavə et" tipində olmalıdır,
Must have report permission to access this report.,Bu hesabatı əldə etmək üçün hesabat icazəsi olmalıdır.,
Must specify a Query to run,İcra etmək üçün bir Sorğu göstərilməlidir,
Mute Sounds,Səsləri söndür,
MyISAM,MyISAM,
Name Case,Ad Halı,
Name cannot contain special characters like {0},Ad {0} kimi xüsusi simvolları ehtiva edə bilməz,
Name not set via prompt,Ad sorğu vasitəsilə təyin edilməmişdir,
Name of the Document Type (DocType) you want this field to be linked to. e.g. Customer,"Bu sahənin bağlanmasını istədiyiniz Sənəd Tipinin (DocType) adı. məsələn, Müştəri",
Name of the new Print Format,Yeni Çap Formatının adı,
Name of {0} cannot be {1},{0} adı {1} ola bilməz,
Names and surnames by themselves are easy to guess.,Adlar və soyadlar özləri asanlıqla təxmin edilə bilər.,
Naming,Adlandırma,
"Naming Options:\n<ol><li><b>field:[fieldname]</b> - By Field</li><li><b>naming_series:</b> - By Naming Series (field called naming_series must be present</li><li><b>Prompt</b> - Prompt user for a name</li><li><b>[series]</b> - Series by prefix (separated by a dot); for example PRE.#####</li>\n<li><b>format:EXAMPLE-{MM}morewords{fieldname1}-{fieldname2}-{#####}</b> - Replace all braced words (fieldnames, date words (DD, MM, YY), series) with their value. Outside braces, any characters can be used.</li></ol>","Adlandırma Seçimləri:\n<ol><li><b>field:[fieldname]</b> - Sahəyə Görə</li><li><b>naming_series:</b> - Adlandırma Seriyasına Görə (naming_series adlanan sahə mövcud olmalıdır)</li><li><b>Prompt</b> - İstifadəçidən ad soruşun</li><li><b>[series]</b> - Prefiksə görə seriya (nöqtə ilə ayrılmış); məsələn, PRE.#####</li>\n<li><b>format:EXAMPLE-{MM}morewords{fieldname1}-{fieldname2}-{#####}</b> - Bütün mötərizədaxili sözləri (sahə adları, tarix sözləri (DD, MM, YY), seriya) onların dəyəri ilə əvəz edin. Mötərizə xaricində istənilən simvollar istifadə oluna bilər.</li></ol>",
Naming Series mandatory,Adlandırma Seriyası mütləqdir,
Nested set error. Please contact the Administrator.,"Nüfuz edilmiş dəst xətası. Zəhmət olmasa, Administratorla əlaqə saxlayın.",
New Activity,Yeni Fəaliyyət,
New Chat,Yeni Söhbət,
New Comment on {0}: {1},Yeni Şərh {0} üzərinə: {1},
New Connection,Yeni Bağlantı,
New Custom Print Format,Yeni Xüsusi Çap Formatı,
New Email,Yeni E-poçt,
New Email Account,Yeni E-poçt Hesabı,
New Event,Yeni Hadisə,
New Folder,Yeni Qovluq,
New Kanban Board,Yeni Kanban Taxtası,
New Message from Website Contact Page,Vebsayt Əlaqə Səhifəsindən Yeni Mesaj,
New Name,Yeni Ad,
New Newsletter,Yeni Bülleten,
New Password,Yeni Şifrə,
New Password Required.,Yeni Şifrə Tələb olunur.,
New Print Format Name,Yeni Çap Formatı Adı,
New Report name,Yeni Hesabat adı,
New Value,Yeni Dəyər,
New data will be inserted.,Yeni məlumat daxil ediləcək.,
New updates are available,Yeni yeniləmələr mövcuddur,
New value to be set,Təyin ediləcək yeni dəyər,
New {0},Yeni {0},
New {} releases for the following apps are available,Aşağıdakı tətbiqlər üçün yeni {} buraxılışları mövcuddur,
Newsletter Email Group,Bülleten E-poçt Qrupu,
Newsletter Manager,Bülleten Meneceri,
Newsletter has already been sent,Bülleten artıq göndərilmişdir,
"Newsletters to contacts, leads.","Əlaqələrə, potensial müştərilərə bülletenlər.",
Next Action Email Template,Növbəti Fəaliyyət E-poçt Şablonu,
Next Actions HTML,Növbəti Fəaliyyətlər HTML,
Next Schedule Date,Növbəti Cədvəl Tarixi,
Next Scheduled Date,Növbəti Cədvəl Tarixi,
Next State,Növbəti Dövlət,
Next Sync Token,Növbəti Sink Token,
Next actions,Növbəti fəaliyyətlər,
No Active Sessions,Aktiv Sessiyalar Yoxdur,
No Copy,Kopya Yoxdur,
No Email Account,E-poçt Hesabı Yoxdur,
No Email Accounts Assigned,Təyin edilmiş E-poçt Hesabları Yoxdur,
No Emails,E-poçt Yoxdur,
No Label,Etiket Yoxdur,
No Permissions Specified,Təyin edilmiş İcazələr Yoxdur,
No Permissions set for this criteria.,Bu meyar üçün icazələr təyin edilməyib.,
No Preview,Önizləmə Yoxdur,
No Preview Available,Önizləmə Mövcud Değil,
No Printer is Available.,Printer Mövcud Değil.,
No Results,Nəticələr Yoxdur,
No Tags,Etiketlər Yoxdur,
No alerts for today,Bu gün üçün xəbərdarlıqlar yoxdur,
No comments yet,Hələ heç bir şərh yoxdur,
No comments yet. Start a new discussion.,Hələ heç bir şərh yoxdur. Yeni müzakirəyə başlayın.,
No data found in the file. Please reattach the new file with data.,"Faylda heç bir məlumat tapılmadı. Zəhmət olmasa, məlumatla yeni faylı yenidən əlavə edin.",
No document found for given filters,Verilmiş filtr üçün heç bir sənəd tapılmadı,
No fields found that can be used as a Kanban Column. Use the Customize Form to add a Custom Field of type "Select".,Kanban Sütunu kimi istifadə oluna biləcək heç bir sahə tapılmadı. "Seç" tipli Xüsusi Sahə əlavə etmək üçün Formu Özelleştir.,
No file attached,Fayl əlavə edilməyib,
No further records,Daha çox qeydlər yoxdur,
No matching records. Search something new,Uyğun qeydlər yoxdur. Yeni bir şey axtarın,
"No need for symbols, digits, or uppercase letters.","Simvollar, rəqəmlər və ya böyük hərflər üçün ehtiyac yoxdur.",
No of Columns,Sütunların sayı,
No of Rows (Max 500),Sətirlərin sayı (Maksimum 500),
No of emails remaining to be synced,Sinkronizasiya üçün qalan e-poçtların sayı,
No permission for {0},{0} üçün icazə yoxdur,
No permission to '{0}' {1},'{0}' {1} üçün icazə yoxdur,
No permission to read {0},{0} oxumaq üçün icazə yoxdur,
No permission to {0} {1} {2},{0} {1} {2} üçün icazə yoxdur,
No records deleted,Heç bir qeyd silinmədi,
No records present in {0},{0} içində heç bir qeyd yoxdur,
No records tagged.,Heç bir qeyd etiketlənmədi.,
No template found at path: {0},Yolda şablon tapılmadı: {0},
No {0} found,{0} tapılmadı,
No {0} mail,{0} poçtu yoxdur,
No {0} permission,{0} icazəsi yoxdur,
None: End of Workflow,Heç biri: İş axınının sonu,
Not Allowed: Disabled User,İcazə verilmir: İtirilmiş İstifadəçi,
Not Ancestors Of,Nəsil deyil,
Not Descendants Of,Nəsil deyil,
Not Equals,Bərabər deyil,
Not In,İçində deyil,
Not Linked to any record,Heç bir qeyd ilə bağlı deyil,
Not Published,Nəşr olunmayıb,
Not Saved,Saxlanılmayıb,
Not Seen,Görülməyib,
Not Sent,Göndərilməyib,
Not Set,Təyin edilməyib,
Not a valid Comma Separated Value (CSV File),Keçərli Vergüllə Ayrılmış Dəyər (CSV Faylı) deyil,
Not a valid User Image.,Keçərli İstifadəçi Şəkli deyil.,
Not a valid Workflow Action,Keçərli İş Axını Hərəkəti deyil,
Not a valid user,Keçərli istifadəçi deyil,
Not a zip file,Zip faylı deyil,
Not allowed for {0}: {1},{0} üçün icazə verilmir: {1},
"You are not allowed to access {0} because it is linked to {1} '{2}' in row {3}, field {4}","{0} içərisinə daxil olmağınıza icazə verilmir, çünki {1} '{2}' ilə {3} sətirində, {4} sahəsində bağlıdır",
You are not allowed to access this {0} record because it is linked to {1} '{2}' in field {3},"Bu {0} qeydinə daxil olmağınıza icazə verilmir, çünki {1} '{2}' ilə {3} sahəsində bağlıdır",
Not allowed to Import,İdxal etməyə icazə verilmir,
Not allowed to change {0} after submission,Təqdimatdan sonra {0} dəyişməyə icazə verilmir,
Not allowed to print cancelled documents,Ləğv olunmuş sənədləri çap etməyə icazə verilmir,
Not allowed to print draft documents,Taslak sənədləri çap etməyə icazə verilmir,
Not enough permission to see links,Bağlantıları görmək üçün kifayət qədər icazə yoxdur,
Not in Developer Mode,Tərtibatçı Modunda deyil,
Not in Developer Mode! Set in site_config.json or make 'Custom' DocType.,Tərtibatçı Modunda deyil! site_config.json-da təyin edin və ya 'Xüsusi' DocType edin.,
Note Seen By,Qeyd Görüldü,
Note:,Qeyd:,
Note: By default emails for failed backups are sent.,"Qeyd: Əsasən, uğursuz yedekləmələr üçün e-maillər göndərilir.",
Note: Changing the Page Name will break previous URL to this page.,"Qeyd: Səhifənin adını dəyişmək, bu səhifəyə əvvəlki URL-ni pozacaq.",
"Note: For best results,  images must be of the same size and width must be greater than height.","Qeyd: Ən yaxşı nəticələr üçün, şəkillər eyni ölçüdə olmalıdır və en hündürlükdən böyük olmalıdır.",
Note: Multiple sessions will be allowed in case of mobile device,Qeyd: Mobil cihazlarda çoxlu sessiyalara icazə veriləcək,
Nothing to show,Göstərəcək heç nə yoxdur,
Nothing to update,Yeniləmək üçün heç nə yoxdur,
Notification,Bildiriş,
Notification Recipient,Bildiriş Alıcısı,
Notification Tones,Bildiriş Səsi,
Notifications,Bildirişlər,
Notifications and bulk mails will be sent from this outgoing server.,Bildirişlər və toplu e-maillər bu çıxış serverindən göndəriləcək.,
Notify Users On Every Login,İstifadəçiləri Hər Daxil Olma Zamanı Bildirin,
Notify if unreplied,Cavabsız qaldıqda bildirin,
Notify if unreplied for (in mins),Cavabsız qaldıqda bildirin (dəqiqələrdə),
Notify users with a popup when they log in,İstifadəçiləri daxil olduqda pop-up ilə bildirin,
Number Format,Rəqəm Formatı,
Number of Backups,Ehtiyat Nüsxələrinin Sayı,
Number of DB Backups,DB Ehtiyat Nüsxələrinin Sayı,
Number of DB backups cannot be less than 1,DB ehtiyat nüsxələrinin sayı 1-dən az ola bilməz,
Number of columns for a field in a Grid (Total Columns in a grid should be less than 11),Bir Grid-də bir sahə üçün sütunların sayı (Bir griddəki toplam sütun sayı 11-dən az olmalıdır),
Number of columns for a field in a List View or a Grid (Total Columns should be less than 11),Bir List View və ya Grid-də bir sahə üçün sütunların sayı (Toplam sütun sayı 11-dən az olmalıdır),
OAuth Authorization Code,OAuth İcazə Kodu,
OAuth Bearer Token,OAuth Bearer Token,
OAuth Client,OAuth Müştəri,
OAuth Provider Settings,OAuth Təchizatçı Parametrləri,
OTP App,OTP Tətbiqi,
OTP Issuer Name,OTP Verən Adı,
OTP Secret has been reset. Re-registration will be required on next login.,OTP Sirri sıfırlanmışdır. Növbəti daxil olma zamanı yenidən qeydiyyatdan keçmək tələb olunacaq.,
OTP secret can only be reset by the Administrator.,OTP sirri yalnız Administrator tərəfindən sıfırlana bilər.,
Office,Ofis,
Office 365,Ofis 365,
Old Password,Köhnə Şifrə,
Old Password Required.,Köhnə Şifrə Tələb Olunur.,
Older backups will be automatically deleted,Köhnə ehtiyat nüsxələri avtomatik olaraq silinəcək,
"On {0}, {1} wrote:","{0}-də, {1} yazdı:",
"Once submitted, submittable documents cannot be changed. They can only be Cancelled and Amended.","Bir dəfə təqdim edildikdən sonra, təqdim edilə bilən sənədlər dəyişdirilə bilməz. Onlar yalnız İmtina edilə və Dəyişdirilə bilər.",
"Once you have set this, the users will only be able access documents (eg. Blog Post) where the link exists (eg. Blogger).","Bunu təyin etdikdən sonra, istifadəçilər yalnız linkin mövcud olduğu sənədlərə (məsələn, Blog Yazısı) daxil ola biləcəklər (məsələn, Blogger).",
One Last Step,Son Bir Addım,
One Time Password (OTP) Registration Code from {},{}-dan Bir Dəfəlik Şifrə (OTP) Qeydiyyat Kodu,
Only 200 inserts allowed in one request,Bir sorğuda yalnız 200 daxil etməyə icazə verilir,
Only Administrator can delete Email Queue,Yalnız Administrator E-poçt Siyahısını silə bilər,
Only Administrator can edit,Yalnız Administrator redaktə edə bilər,
Only Administrator can save a standard report. Please rename and save.,Yalnız Administrator standart hesabatı saxlaya bilər. Zəhmət olmasa adını dəyişin və saxlayın.,
Only Administrator is allowed to use Recorder,Yalnız Administratora Recorder istifadə etməyə icazə verilir,
Only Allow Edit For,Yalnız Redaktəyə İcazə Verin,
Only Send Records Updated in Last X Hours,Yalnız Son X Saatda Yenilənmiş Qeydləri Göndərin,
Only mandatory fields are necessary for new records. You can delete non-mandatory columns if you wish.,"Yalnız məcburi sahələr yeni qeydlər üçün lazımdır. İstəsəniz, məcburi olmayan sütunları silə bilərsiniz.",
PDF Page Size,PDF Səhifə Ölçüsü,
PDF Settings,PDF Parametrləri,
PDF generation failed,PDF yaradılması uğursuz oldu,
PDF generation failed because of broken image links,PDF yaradılması pozulmuş şəkil bağlantıları səbəbindən uğursuz oldu,
PDF printing via ""Raw Print"" is not yet supported. Please remove the printer mapping in Printer Settings and try again.,"""Raw Print"" vasitəsilə PDF çapı hələ də dəstəklənmir. Zəhmət olmasa, Printer Parametrlərində printer xəritəsini silin və yenidən cəhd edin.",
Page HTML,Səhifə HTML,
Page Length,Səhifə Uzunluğu,
Page Name,Səhifə Adı,
Page Settings,Səhifə Parametrləri,
Page has expired!,Səhifənin müddəti bitib!,
Page not found,Səhifə tapılmadı,
Page to show on the website\n,Veb saytında göstəriləcək səhifə\n,
Pages in Desk (place holders),Masa üzərindəki səhifələr (yer tutucular),
Parent,Valideyn,
Parent Error Snapshot,Valideyn Xətası Snapshot,
Parent Label,Valideyn Etiketi,
Parent Table,Valideyn Cədvəli,
Parent is required to get child table data,Uşaq cədvəl məlumatlarını əldə etmək üçün valideyn tələb olunur,
Parent is the name of the document to which the data will get added to.,"Valideyn, məlumatların əlavə olunacağı sənədin adıdır.",
Partial Success,Qismən Uğur,
Partially Successful,Qismən Uğurlu,
Participants,İştirakçılar,
Passive,Passiv,
Password Reset,Şifrəni Yenilə,
Password Updated,Şifrə Yeniləndi,
Password for Base DN,Əsas DN üçün Şifrə,
Password is required or select Awaiting Password,Şifrə tələb olunur və ya Gözləyən Şifrəni seçin,
Password not found,Şifrə tapılmadı,
Password reset instructions have been sent to your email,Şifrəni yeniləmə təlimatları email ünvanınıza göndərilib,
Paste,Yapışdır,
Patch,Patch,
Patch Log,Patch Jurnalı,
Path to CA Certs File,CA Sertifikatları Faylına Yol,
Path to Server Certificate,Server Sertifikatına Yol,
Path to private Key File,Şəxsi Açar Faylına Yol,
PayPal Settings,PayPal Parametrləri,
PayPal payment gateway settings,PayPal ödəniş qapısı parametrləri,
Payment Cancelled,Ödəniş Ləğv Edildi,
Payment Success,Ödəniş Uğurlu,
Pending Approval,Təsdiq Gözləyir,
Pending Verification,Təsdiq Gözləyir,
Percent,Faiz,
Percent Complete,Tamamlanma Faizi,
Perm Level,İcazə Səviyyəsi,
Permanent,Daimi,
Permanently Cancel {0}?,Daimi Ləğv Et {0}?,
Permanently Submit {0}?,Daimi Təqdim Et {0}?,
Permanently delete {0}?,Daimi sil {0}?,
Permission Error,İcazə Xətası,
Permission Level,İcazə Səviyyəsi,
Permission Levels,İcazə Səviyyələri,
Permission Rules,İcazə Qaydaları,
Permissions,İcazələr,
Permissions are automatically applied to Standard Reports and searches.,İcazələr avtomatik olaraq Standart Hesabatlara və axtarışlara tətbiq olunur.,
"Permissions are set on Roles and Document Types (called DocTypes) by setting rights like Read, Write, Create, Delete, Submit, Cancel, Amend, Report, Import, Export, Print, Email and Set User Permissions.","İcazələr Rollara və Sənəd Növlərinə (DocTypes adlanır) oxumaq, yazmaq, yaratmaq, silmək, təqdim etmək, ləğv etmək, dəyişdirmək, hesabat vermək, idxal etmək, ixrac etmək, çap etmək, e-poçt göndərmək və istifadəçi icazələrini təyin etməklə təyin olunur.",
Permissions at higher levels are Field Level permissions. All Fields have a Permission Level set against them and the rules defined at that permissions apply to the field. This is useful in case you want to hide or make certain field read-only for certain Roles.,"Yüksək səviyyələrdə icazələr Sahə Səviyyəsi icazələridir. Bütün Sahələrin qarşısında bir İcazə Səviyyəsi təyin olunub və o icazələrdə müəyyən edilmiş qaydalar sahəyə tətbiq olunur. Bu, müəyyən Rollar üçün bəzi sahələri gizlətmək və ya oxumaq üçün yalnız etmək istədiyiniz zaman faydalıdır.",
"Permissions at level 0 are Document Level permissions, i.e. they are primary for access to the document.","0 səviyyəsində icazələr Sənəd Səviyyəsi icazələridir, yəni sənədə giriş üçün əsasdır.",
Permissions get applied on Users based on what Roles they are assigned.,İcazələr İstifadəçilərə təyin olunmuş Rollara əsasən tətbiq olunur.,
Personal,Şəxsi,
Personal Data Deletion Request,Şəxsi Məlumatların Silinməsi Tələbi,
Personal Data Download Request,Şəxsi Məlumatların Yüklənməsi Tələbi,
Phone No.,Telefon Nömrəsi,
Pick Columns,Sütunları Seçin,
Plant,Bitki,
Please Duplicate this Website Theme to customize.,"Zəhmət olmasa, bu Vebsayt Temasını fərdiləşdirmək üçün çoğaldın.",
Please Enter Your Password to Continue,"Zəhmət olmasa, davam etmək üçün şifrənizi daxil edin.",
Please Install the ldap3 library via pip to use ldap functionality.,"Zəhmət olmasa, ldap funksionallığını istifadə etmək üçün pip vasitəsilə ldap3 kitabxanasını quraşdırın.",
Please Update SMS Settings,"Zəhmət olmasa, SMS Parametrlərini yeniləyin.",
Please add a subject to your email,"Zəhmət olmasa, e-poçtunuza bir mövzu əlavə edin.",
Please ask your administrator to verify your sign-up,"Zəhmət olmasa, qeydiyyatınızı təsdiqləmək üçün administratorunuza müraciət edin.",
Please attach a file first.,"Zəhmət olmasa, əvvəlcə bir fayl əlavə edin.",
Please attach an image file to set HTML,"Zəhmət olmasa, HTML təyin etmək üçün bir şəkil faylı əlavə edin.",
Please check your email for verification,"Zəhmət olmasa, təsdiqləmə üçün e-poçtunuzu yoxlayın.",
Please check your registered email address for instructions on how to proceed. Do not close this window as you will have to return to it.,"Zəhmət olmasa, davam etmək üçün necə edəcəyiniz barədə təlimatlar üçün qeydiyyatdan keçdiyiniz e-poçt ünvanınızı yoxlayın. Bu pəncərəni bağlamayın, çünki ona qayıtmalısınız.",
Please close this window,"Zəhmət olmasa, bu pəncərəni bağlayın.",
Please confirm your action to {0} this document.,"Zəhmət olmasa, bu sənədi {0} etmək üçün hərəkətinizi təsdiqləyin.",
Please do not change the rows above {0},"Zəhmət olmasa, {0} yuxarıdakı sətirləri dəyişdirməyin.",
Please do not change the template headings.,"Zəhmət olmasa, şablon başlıqlarını dəyişdirməyin.",
Please enter Client ID before social login is enabled,"Zəhmət olmasa, sosial giriş aktivləşdirilməzdən əvvəl Müştəri ID-sini daxil edin",
Please enter Client Secret before social login is enabled,"Zəhmət olmasa, sosial giriş aktivləşdirilməzdən əvvəl Müştəri Gizli sözünü daxil edin",
Please enter Redirect URL,"Zəhmət olmasa, Yenidən yönləndirmə URL-sini daxil edin",
Please enter the password,"Zəhmət olmasa, şifrəni daxil edin",
Please enter valid mobile nos,"Zəhmət olmasa, etibarlı mobil nömrələrini daxil edin",
Please enter values for App Access Key and App Secret Key,"Zəhmət olmasa, Tətbiq Giriş Açarı və Tətbiq Gizli Açarı üçün dəyərləri daxil edin",
Please make sure that there are no empty columns in the file.,"Zəhmət olmasa, faylda boş sütunların olmadığından əmin olun.",
Please make sure the Reference Communication Docs are not circularly linked.,"Zəhmət olmasa, İstinad Ünsiyyət Sənədlərinin dövri olaraq bağlı olmadığından əmin olun.",
Please refresh to get the latest document.,"Zəhmət olmasa, ən son sənədi əldə etmək üçün yeniləyin.",
Please save before attaching.,"Zəhmət olmasa, əlavə etmədən əvvəl yadda saxlayın.",
Please save the Newsletter before sending,"Zəhmət olmasa, göndərmədən əvvəl Bülletenin yadda saxlayın",
Please save the document before assignment,"Zəhmət olmasa, tapşırmadan əvvəl sənədi yadda saxlayın",
Please save the document before removing assignment,"Zəhmət olmasa, tapşırığı silməzdən əvvəl sənədi yadda saxlayın",
Please save the report first,"Zəhmət olmasa, əvvəlcə hesabatı yadda saxlayın",
Please select DocType first,"Zəhmət olmasa, əvvəlcə Sənəd Növünü seçin",
Please select Entity Type first,"Zəhmət olmasa, əvvəlcə Təşkilat Növünü seçin",
Please select Minimum Password Score,"Zəhmət olmasa, Minimum Şifrə Ballarını seçin",
Please select a Amount Field.,"Zəhmət olmasa, bir Miqdar Sahəsini seçin.",
Please select a file or url,"Zəhmət olmasa, bir fayl və ya URL seçin",
Please select a new name to rename,"Zəhmət olmasa, yenidən ad vermək üçün yeni bir ad seçin",
Please select a valid csv file with data,"Zəhmət olmasa, məlumat olan etibarlı CSV faylını seçin",
Please select another payment method. PayPal does not support transactions in currency '{0}',"Zəhmət olmasa, başqa bir ödəniş metodunu seçin. PayPal '{0}' valyutasında əməliyyatları dəstəkləmir",
Please select another payment method. Razorpay does not support transactions in currency '{0}',"Zəhmət olmasa, başqa bir ödəniş metodunu seçin. Razorpay '{0}' valyutasında əməliyyatları dəstəkləmir",
Please select atleast 1 column from {0} to sort/group,"Zəhmət olmasa, sıralamaq/qruplaşdırmaq üçün {0} sütunlarından ən azı 1-i seçin",
Please select document type first.,"Zəhmət olmasa, əvvəlcə sənəd növünü seçin.",
Please select the Document Type.,"Zəhmət olmasa, Sənəd Növünü seçin.",
Please set Base URL in Social Login Key for Frappe,"Zəhmət olmasa, Frappe üçün Sosial Giriş Açarında Əsas URL-ni təyin edin",
Please set Dropbox access keys in your site config,"Zəhmət olmasa, sayt konfiqurasiyanızda Dropbox giriş açarlarını təyin edin",
Please set a printer mapping for this print format in the Printer Settings,"Zəhmət olmasa, Printer Parametrlərində bu çap formatı üçün bir printer xəritəsi təyin edin",
Please set filters,"Zəhmət olmasa, filtr təyin edin",
Please set filters value in Report Filter table.,"Zəhmət olmasa, Hesabat Filtr cədvəlində filtr dəyərini təyin edin.",
Please verify your Email Address,"Zəhmət olmasa, Email Ünvanınızı təsdiqləyin",
Point Allocation Periodicity,Bod Təyin Etmə Dövrü,
Points,Ballar,
Points Given,Verilmiş Ballar,
Port,Port,
Portal Menu,Portal Menyusu,
Portal Menu Item,Portal Menyu Maddəsi,
Post,Post,
Post Comment,Post Şərhi,
Postal,Poçt,
Postal Code,Poçt Kodu,
Postprocess Method,Sonrakı Prosess Metodu,
Posts,Postlar,
Posts by {0},{0} tərəfindən Postlar,
Posts filed under {0},{0} altında yerləşdirilmiş Postlar,
Precision,Dəqiqlik,
Precision should be between 1 and 6,Dəqiqlik 1 ilə 6 arasında olmalıdır,
Predictable substitutions like '@' instead of 'a' don't help very much.,'@' kimi proqnozlaşdırıla bilən əvəzlər 'a' yerinə çox kömək etmir.,
Preferred Billing Address,Üstünlük verilən Hesab Faturası Ünvanı,
Preferred Shipping Address,Üstünlük verilən Göndərmə Ünvanı,
Prepared Report,Hazırlanmış Hesabat,
Preparing Report,Hesabat Hazırlanır,
Preprocess Method,Öncəki Prosess Metodu,
Press Enter to save,Saxlamaq üçün Enter-ə basın,
Preview HTML,HTML Önizləməsi,
Preview Message,Mesajın Önizlənməsi,
Previous,Əvvəlki,
Previous Hash,Əvvəlki Hash,
Primary Color,Əsas Rəng,
Print Documents,Sənədləri Çap Et,
Print Format Builder,Çap Formatı Yaradıcı,
Print Format Help,Çap Formatı Kömək,
Print Format Type,Çap Formatı Növü,
Print Format {0} is disabled,Çap Formatı {0} deaktivdir,
Print Hide,Çap Gizlət,
Print Hide If No Value,"Dəyər yoxdursa, çap gizlədin",
Print Sent to the printer!,Çap Göndərildi!,
Print Server,Çap Serveri,
Print Style,Çap Üslubu,
Print Style Name,Çap Üslubu Adı,
Print Style Preview,Çap Üslubu Önizləməsi,
Print Width,Çap Eni,
"Print Width of the field, if the field is a column in a table","Sahənin çap eni, əgər sahə cədvəldə sütundursa",
Print with letterhead,Başlıq ilə çap et,
Printer,Çap Edici,
Printer Mapping,Çap Edici Xəritəsi,
Printer Name,Çap Edici Adı,
Printer Settings,Çap Edici Parametrləri,
Printing failed,Çap etmə uğursuz oldu,
Private Key,Şəxsi Açar,
Private and public Notes.,Şəxsi və ictimai Qeydlər.,
ProTip: Add <code>Reference: {{ reference_doctype }} {{ reference_name }}</code> to send document reference,"ProTip: <code>Reference: {{ reference_doctype }} {{ reference_name }}</code> əlavə edin ki, sənəd istinadını göndərəsiniz",
Processing,Emal,
Processing...,Emal...,
Prof,Prof,
Progress,İrəliləyiş,
Property Setter,Mülk Təyin Edici,
Property Setter overrides a standard DocType or Field property,Mülk Təyin Edici standart DocType və ya Sahə mülkünü üstələyir,
Property Type,Mülk Növü,
Provider,Təchizatçı,
Provider Name,Təchizatçı Adı,
Public Key,İctimai Açar,
Publishable Key,Nəşr edilə bilən Açar,
Published On,Nəşr Olundu,
Python Module,Python Modulu,
Pyver,Pyver,
QR Code,QR Kodu,
QR Code for Login Verification,Daxil Olma Təsdiqi üçün QR Kodu,
QZ Tray Connection Active!,QZ Tray Bağlantısı Aktivdir!,
QZ Tray Failed:,QZ Tray Uğursuz oldu:,
Quarter Day,Rüb Günü,
Query,Sorğu,
Query Report,Sorğu Hesabatı,
Query must be a SELECT,Sorğu bir SEÇİM olmalıdır,
Queue should be one of {0},Sıra {0} -dan biri olmalıdır,
Queued for backup. It may take a few minutes to an hour.,Ehtiyat üçün sıraya alındı. Bir neçə dəqiqədən bir saata qədər çəkə bilər.,
Recipient Unsubscribed,Alıcı Abunə Olunmadı,
Record does not exist,Qeyd yoxdur,
Records for following doctypes will be filtered,Aşağıdakı sənəd növləri üçün qeydlər filtr ediləcək,
Redirect To,Yenidən yönləndir,
Redirect URI Bound To Auth Code,Yenidən yönləndirmə URI Təsdiq Koduna Bağlıdır,
Redirect URIs,Yenidən yönləndirmə URIləri,
Redis cache server not running. Please contact Administrator / Tech support,"Redis keş serveri işləmir. Zəhmət olmasa, Administrator / Texniki dəstəklə əlaqə saxlayın",
Ref DocType,İstinad Sənəd Növü,
Ref Report DocType,İstinad Hesabat Sənəd Növü,
Reference DocName,İstinad Sənəd Adı,
Reference DocType and Reference Name are required,İstinad Sənəd Növü və İstinad Adı tələb olunur,
Reference Report,İstinad Hesabatı,
Reference: {0} {1},İstinad: {0} {1},
Refreshing...,Təzələnir...,
Register OAuth Client App,OAuth Müştəri Tətbiqi Qeydiyyatdan Keçirin,
Registered but disabled,"Qeydiyyatdan keçib, lakin deaktivdir",
Relapsed,Təkrarladı,
Relapses,Təkrarlamalar,
Relink,Yenidən bağla,
Relink Communication,Yenidən bağla Ünsiyyəti,
Relinked,Yenidən bağlandı,
Reload,Yenidən yüklə,
Remember Last Selected Value,Son Seçilmiş Dəyəri Yadda Saxla,
Remote,Uzaqdan,
Remote Fieldname,Uzaqdan Sahə Adı,
Remote ID,Uzaqdan ID,
Remote Objectname,Uzaqdan Obje Adı,
Remote Primary Key,Uzaqdan Əsas Açar,
Remove,Sil,
Remove Field,Sahəni Sil,
Remove Filter,Filtri Sil,
Remove Section,Bölməni Sil,
Remove Tag,Etiketi Sil,
Remove all customizations?,Bütün özelleştirmeleri silmək istəyirsiniz?,
Removed {0},Silindi {0},
Rename many items by uploading a .csv file.,Bir .csv faylı yükləyərək çoxlu maddələri adlandırın.,
Rename {0},{0} adını dəyişdir,
Repeat Header and Footer in PDF,PDF-də Başlıq və Alt Başlığı Təkrarlayın,
Repeat On,Təkrarlayın,
Repeat Till,Təkrarlayın,
Repeat on Day,Gündə Təkrarlayın,
Repeat this Event,Bu Hadisəni Təkrarlayın,
Repeats like "aaa" are easy to guess,"aaa" kimi təkrarlamalar asanlıqla təxmin edilə bilər,
Repeats like "abcabcabc" are only slightly harder to guess than "abc","abcabcabc" kimi təkrarlamalar "abc"dən yalnız bir az daha çətindir,
Reply,Cavab ver,
Reply All,Hamıya Cavab Ver,
Report End Time,Hesabat Bitmə Vaxtı,
Report Filters,Hesabat Filtrləri,
Report Hide,Hesabat Gizlət,
Report Manager,Hesabat Meneceri,
Report Name,Hesabat Adı,
Report Start Time,Hesabat Başlanma Vaxtı,
Report cannot be set for Single types,Hesabat Tək növlər üçün təyin oluna bilməz,
Report of all document shares,Bütün sənəd paylaşımının hesabatı,
Report updated successfully,Hesabat uğurla yeniləndi,
Report was not saved (there were errors),Hesabat saxlanılmadı (səhvlər var idi),
Report {0},Hesabat {0},
Report {0} is disabled,Hesabat {0} deaktivdir,
Report:,Hesabat:,
Represents a User in the system.,Sistemdə bir İstifadəçini təmsil edir.,
Represents the states allowed in one document and role assigned to change the state.,Bir sənəddə icazə verilən vəziyyətləri və vəziyyəti dəyişdirmək üçün təyin edilmiş rolu təmsil edir.,
Request Timed Out,Sorğu Vaxtı Bitdi,
Request URL,Sorğu URL,
Require Trusted Certificate,Etibarlı Sertifikat tələb olunur,
Res: {0},Res: {0},
Reset OTP Secret,OTP Sirrini Sıfırla,
Reset Password,Şifrəni Sıfırla,
Reset Password Key,Şifrəni Sıfırlama Açarı,
Reset Permissions for {0}?,{0} üçün İcazələri Sıfırlamaq?,
Reset to defaults,Standartlara Sıfırla,
Reset your password,Şifrənizi sıfırlayın,
Response Type,Cavab Növü,
Restore,Bərpa et,
Restore Original Permissions,Əsl İcazələri Bərpa et,
Restore or permanently delete a document.,Bir sənədi bərpa et və ya daimi sil.,
Restore to default settings?,Standart parametrlərə bərpa edilsin?,
Restored,Bərpa olundu,
Restrict IP,IP-ni Məhdudlaşdır,
Restrict To Domain,Domenə Məhdudlaşdır,
Restrict user for specific document,Müəyyən sənəd üçün istifadəçini məhdudlaşdır,
Restrict user from this IP address only. Multiple IP addresses can be added by separating with commas. Also accepts partial IP addresses like (111.111.111),"Bu IP ünvanından yalnız istifadəçini məhdudlaşdır. Bir neçə IP ünvanı vergüllə ayrılaraq əlavə oluna bilər. Həmçinin, (111.111.111) kimi qismən IP ünvanlarını da qəbul edir.",
Resume Sending,Göndərməyə Davam Et,
Retake,Yenidən Çəkmək,
Retry,Təkrar Cəhd Et,
Return to the Verification screen and enter the code displayed by your authentication app,Təsdiq ekranına qayıdın və autentifikasiya tətbiqiniz tərəfindən göstərilən kodu daxil edin,
Reverse Icon Color,İkon Rəngini Tərsinə Çevir,
Revert,Geri Dön,
Revert Of,Geri Dön,
Reverted,Geri Dönüldü,
Review Level,İcmal Səviyyəsi,
Review Levels,İcmal Səviyyələri,
Review Points,İcmal Nöqtələri,
Reviews,İcmallar,
Revoke,Ləğv Et,
Revoked,Ləğv Olundu,
Rich Text,Zəngin Mətbəx,
Role Name,Rol Adı,
Role Permission for Page and Report,Səhifə və Hesabat üçün Rol İcazəsi,
Role Permissions,Rol İcazələri,
Role Profile,Rol Profili,
Role and Level,Rol və Səviyyə,
Roles,Rollar,
Roles Assigned,Təyin Edilmiş Rollar,
Roles can be set for users from their User page.,Rollar istifadəçilər üçün onların İstifadəçi səhifəsindən təyin edilə bilər.,
Root {0} cannot be deleted,Root {0} silinə bilməz,
Round Robin,Dairəvi Robin,
Route History,Marşrut Tarixi,
Route Redirects,Marşrut Yönləndirmələri,
Route to Success Link,Uğur Bağlantısına Marşrut,
Row,Sıra,
Row #{0}:,Sıra #{0}:,
Row Index,Sıra İndeksi,
Row No,Sıra No,
Row Status,Sıra Statusu,
Row Values Changed,Sıra Dəyərləri Dəyişdirildi,
Row {0}: Not allowed to disable Mandatory for standard fields,Sıra {0}: Standart sahələr üçün Məcburi deaktiv edilməsinə icazə verilmir,
Row {0}: Not allowed to enable Allow on Submit for standard fields,Sıra {0}: Standart sahələr üçün Təqdim etməyə icazə verilməsinə icazə verilmir,
Rows Added,Sıralar Əlavə Olundu,
Rows Removed,Sıralar Silindi,
Rule,Qayda,
Rule Name,Qayda Adı,
Rules defining transition of state in the workflow.,İş axınında vəziyyətin keçidini müəyyən edən qaydalar.,
"Rules for how states are transitions, like next state and which role is allowed to change state etc.","Vəziyyətlərin keçid qaydaları, məsələn, növbəti vəziyyət və hansı rolun vəziyyəti dəyişməyə icazə verildiyi və s.",
Run,İcra et,
Run scheduled jobs only if checked,Yalnız yoxlanıldıqda cədvəl işlərini icra et,
S3 Backup Settings,S3 Ehtiyat Parametrləri,
S3 Backup complete!,S3 Ehtiyat tamdır!,
SMS,SMS,
SMS Gateway URL,SMS Qapı URL-i,
SMS Parameter,SMS Parametri,
SMS Settings,SMS Parametrləri,
SMS sent to following numbers: {0},Aşağıdakı nömrələrə SMS göndərildi: {0},
SMTP Server,SMTP Server,
SMTP Settings for outgoing emails,Gedən e-poçtlar üçün SMTP Parametrləri,
SQL Conditions. Example: status="Open",SQL Şərtləri. Nümunə: status="Açıq",
SSL/TLS Mode,SSL/TLS Rejimi,
Salesforce,Salesforce,
Same Field is entered more than once,Eyni Sahə birdən çox dəfə daxil edilib,
Save API Secret:,API Gizli açarını saxla:,
Save As,Fərqli Qeyd et,
Save Filter,Filtri Qeyd et,
Save Report,Hesabatı Qeyd et,
Save filters,Filtrləri qeyd et,
Saving,Qeyd edilir,
Saving...,Qeyd edilir...,
Scan the QR Code and enter the resulting code displayed.,QR Kodu scan edin və göstərilən nəticə kodunu daxil edin.,
Scopes,Əhatə dairələri,
Script,Script,
Script Report,Script Report,
Script or Query reports,Skript və ya Sorğu hesabatları,
Script to attach to all web pages.,Bütün veb səhifələrə əlavə ediləcək skript.,
Search Fields,Axtarış Sahələri,
Search Help,Axtarış Köməyi,
Search field {0} is not valid,{0} axtarış sahəsi etibarlı deyil,
Search for '{0}','{0}' üçün axtarış,
Search for anything,Hər şeyi axtar,
Search in a document type,Sənəd növündə axtarış,
Search or Create a New Chat,Yeni Söhbət Axtar və ya Yarat,
Search or type a command,Əmr axtar və ya yaz,
Search...,Axtarış...,
Searching,Axtarılır,
Searching ...,Axtarılır...,
Section Break,Bölmə Ayrıcı,
Section Heading,Bölmə Başlığı,
Security,Təhlükəsizlik,
Security Settings,Təhlükəsizlik Parametrləri,
See all past reports.,Bütün keçmiş hesabatlara baxın.,
See on Website,Veb Saytda Bax,
See the document at {0},Sənədə {0} ünvanında baxın,
Seems API Key or API Secret is wrong !!!,API Açarı və ya API Gizli açarı səhv görünür !!!,
Seems Publishable Key or Secret Key is wrong !!!,Yayımlana bilən Açar və ya Gizli Açar səhv görünür !!!,
"Seems issue with server's razorpay config. Don't worry, in case of failure amount will get refunded to your account.","Serverin razorpay konfiqurasiyası ilə problem var. Narahat olmayın, uğursuzluq halında məbləğ hesabınıza geri qaytarılacaq.",
Seems token you are using is invalid!,İstifadə etdiyiniz token etibarsız görünür!,
Seen,Baxılıb,
Seen By,Baxan,
Seen By Table,Baxanlar Cədvəli,
Select Attachments,Əlavələri Seçin,
Select Child Table,Alt Cədvəli Seçin,
Select Column,Sütun Seçin,
Select Columns,Sütunları Seçin,
Select Document Type,Sənəd Növünü Seçin,
Select Document Type or Role to start.,Başlamaq üçün Sənəd Növü və ya Rol seçin.,
Select Document Types to set which User Permissions are used to limit access.,Girişi məhdudlaşdırmaq üçün hansı İstifadəçi İcazələrinin istifadə olunacağını təyin etmək üçün Sənəd Növlərini seçin.,
Select File Format,Fayl Formatını Seçin,
Select File Type,Fayl Növünü Seçin,
Select Language...,Dil Seçin...,
Select Languages,Dilləri Seçin,
Select Module,Modul Seçin,
Select Print Format,Çap Formatını Seçin,
Select Print Format to Edit,Redaktə etmək üçün Çap Formatını Seçin,
Select Role,Rol Seçin,
Select Table Columns for {0},{0} üçün Cədvəl Sütunlarını Seçin,
Select Your Region,Bölgənizi Seçin,
Select a Brand Image first.,Əvvəlcə Brend Şəklini seçin.,
Select a DocType to make a new format,Yeni format yaratmaq üçün DocType seçin,
Select a chat to start messaging.,Mesajlaşmağa başlamaq üçün söhbət seçin.,
Select a group node first.,Əvvəlcə qrup düyünü seçin.,
Select an existing format to edit or start a new format.,Redaktə etmək üçün mövcud formatı seçin və ya yeni formata başlayın.,
Select an image of approx width 150px with a transparent background for best results.,Ən yaxşı nəticələr üçün şəffaf fonlu təxminən 150px enində şəkil seçin.,
Select atleast 1 record for printing,Çap üçün ən azı 1 qeyd seçin,
Select or drag across time slots to create a new event.,Yeni tədbir yaratmaq üçün vaxt aralıqlarını seçin və ya sürükləyin.,
Select records for assignment,Təyin etmək üçün qeydləri seçin,
Select the label after which you want to insert new field.,Yeni sahə əlavə etmək istədiyiniz etiketi seçin.,
"Select your Country, Time Zone and Currency","Ölkənizi, Saat Qurşağınızı və Valyutanızı seçin",
Select {0},{0} seçin,
Self approval is not allowed,Öz-özünə təsdiq icazə verilmir,
Send After,Sonra Göndər,
Send Alert On,Xəbərdarlığı Göndər,
Send Email Alert,Email Xəbərdarlığı Göndər,
Send Email Print Attachments as PDF (Recommended),Çap Əlavələrini PDF formatında Göndər (Tövsiyə olunur),
Send Email for Successful Backup,Uğurlu Yedəkləmə üçün Email Göndər,
Send Me A Copy of Outgoing Emails,Gedən Emaillərin Surətini Mənə Göndər,
Send Notification to,Bildirişi Göndər,
Send Notifications To,Bildirişləri Göndər,
Send Print as PDF,PDF kimi Çap Göndər,
Send Read Receipt,Oxuma Qəbzi Göndər,
Send Unsubscribe Link,Abunəlikdən İmtina Linkini Göndər,
Send Welcome Email,Xoş Gəldiniz Emaili Göndər,
Send alert if date matches this field's value,Bu sahənin dəyəri tarixlə uyğun gəldikdə xəbərdarlıq göndər,
Send alert if this field's value changes,Bu sahənin dəyəri dəyişdikdə xəbərdarlıq göndər,
Send an email reminder in the morning,Səhər email xatırlatması göndər,
Send days before or after the reference date,İstinad tarixindən əvvəl və ya sonra günlər göndər,
Send enquiries to this email address,Sorğuları bu email ünvanına göndər,
Send me a copy,Mənə surət göndər,
Send only if there is any data,Yalnız məlumat olduqda göndər,
Send unsubscribe message in email,Emaildə abunəlikdən imtina mesajı göndər,
Sender,Göndərən,
Sender Email,Göndərənin Emaili,
Sent Read Receipt,Oxuma Qəbzi Göndərildi,
Sent or Received,Göndərilən və ya Alınan,
Sent/Received Email,Göndərilən/Alınan Email,
Server IP,Server IP,
Session Expired,Sessiya Başa Çatdı,
Session Expiry,Sessiyanın Başa Çatması,
Session Expiry Mobile,Mobil Sessiyanın Başa Çatması,
Session Expiry in Hours e.g. 06:00,Sessiyanın Saatlarla Başa Çatması məs. 06:00,
Session Expiry must be in format {0},Sessiyanın Başa Çatması {0} formatında olmalıdır,
Session Start Failed,Sessiya Başladıla Bilmədi,
Set Banner from Image,Şəkildən Banner Təyin Et,
Set Chart,Qrafik Təyin Et,
Set Filters,Filtrlər Təyin Et,
Set New Password,Yeni Şifrə Təyin Et,
Set Number of Backups,Yedəklərin Sayını Təyin Et,
Set Only Once,Yalnız Bir Dəfə Təyin Et,
Set Password,Şifrə Təyin Et,
Set Permissions,İcazələri Təyin Et,
Set Permissions on Document Types and Roles,Sənəd Növləri və Rollar üzrə İcazələri Təyin Et,
Set Property After Alert,Xəbərdarlıqdan Sonra Xüsusiyyəti Təyin Et,
Set Quantity,Miqdarı Təyin Et,
Set Role For,Üçün Rol Təyin Et,
Set User Permissions,İstifadəçi İcazələrini Təyin Et,
Set Value,Dəyəri Təyin Et,
Set custom roles for page and report,Səhifə və hesabat üçün xüsusi rollar təyin et,
"Set default format, page size, print style etc.","Standart format, səhifə ölçüsü, çap üslubu və s. təyin et",
Set non-standard precision for a Float or Currency field,Üzən nöqtə və ya Valyuta sahəsi üçün qeyri-standart dəqiqlik təyin et,
Set numbering series for transactions.,Əməliyyatlar üçün nömrələmə seriyasını təyin et.,
Set up rules for user assignments.,İstifadəçi təyinatları üçün qaydalar təyin et.,
Setting this Address Template as default as there is no other default,Başqa standart olmadığı üçün bu Ünvan Şablonu standart kimi təyin edilir,
Setting up your system,Sisteminizin qurulması,
Settings for About Us Page.,Haqqımızda Səhifəsi üçün Parametrlər.,
Settings for Contact Us Page,Əlaqə Səhifəsi üçün Parametrlər,
Settings for Contact Us Page.,Əlaqə Səhifəsi üçün Parametrlər.,
Settings for OAuth Provider,OAuth Təminatçısı üçün Parametrlər,
Settings for the About Us Page,Haqqımızda Səhifəsi üçün Parametrlər,
Setup Auto Email,Avtomatik Email Quraşdırması,
Setup Complete,Quraşdırma Tamamlandı,
Setup Notifications based on various criteria.,Müxtəlif meyarlara əsasən Bildirişləri Quraşdır.,
Setup Reports to be emailed at regular intervals,Müntəzəm intervallarla emailla göndəriləcək Hesabatları Quraşdır,
"Setup of top navigation bar, footer and logo.","Yuxarı naviqasiya paneli, altbilgi və loqonun quraşdırılması.",
Share,Paylaş,
Share URL,URL Paylaş,
Share With,İlə Paylaş,
Share this document with,Bu sənədi paylaş,
Share {0} with,{0} ilə paylaş,
Shared,Paylaşıldı,
Shared With,İlə Paylaşıldı,
Shared with everyone,Hamı ilə paylaşıldı,
Shared with {0},{0} ilə paylaşıldı,
Shop,Mağaza,
Short keyboard patterns are easy to guess,Qısa klaviatura nümunələrini təxmin etmək asandır,
Show Attachments,Əlavələri Göstər,
Show Calendar,Təqvimi Göstər,
Show Dashboard,İdarəetmə Panelini Göstər,
Show Full Error and Allow Reporting of Issues to the Developer,Tam Xətanı Göstər və Problemlərin Tərtibatçıya Bildirilməsinə İcazə Ver,
Show Line Breaks after Sections,Bölmələrdən sonra Sətir Kəsmələrini Göstər,
Show Permissions,İcazələri Göstər,
Show Preview Popup,Önbaxış Pəncərəsini Göstər,
Show Relapses,Residivləri Göstər,
Show Report,Hesabatı Göstər,
Show Section Headings,Bölmə Başlıqlarını Göstər,
Show Sidebar,Yan Paneli Göstər,
Show Title,Başlığı Göstər,
Show Totals,Cəmləri Göstər,
Show Weekends,Həftə Sonlarını Göstər,
Show all Versions,Bütün Versiyaları Göstər,
Show as Grid,Tor kimi Göstər,
Show as cc,CC kimi göstər,
Show failed jobs,Uğursuz işləri göstər,
Show in Module Section,Modul Bölməsində Göstər,
Show in filter,Filtrdə göstər,
Show more details,Daha çox təfərrüat göstər,
Show only errors,Yalnız xətaları göstər,
Show title in browser window as "Prefix - title",Brauzer pəncərəsində başlığı "Prefiks - başlıq" kimi göstər,
Showing only Numeric fields from Report,Hesabatdan yalnız Rəqəmsal sahələr göstərilir,
Sidebar Items,Yan Panel Elementləri,
Sidebar Settings,Yan Panel Parametrləri,
Sidebar and Comments,Yan Panel və Şərhlər,
Sign Up,Qeydiyyatdan Keç,
Sign Up is disabled,Qeydiyyat deaktiv edilib,
Signature,İmza,
"Simple Python Expression, Example: Status in (""Closed"", ""Cancelled"")","Sadə Python İfadəsi, Nümunə: Status in (""Bağlı"", ""Ləğv edilib"")",
"Simple Python Expression, Example: status == 'Open' and type == 'Bug'","Sadə Python İfadəsi, Nümunə: status == 'Açıq' və növ == 'Xəta'",
Simultaneous Sessions,Eynivaxtlı Sessiyalar,
Single DocTypes cannot be customized.,Tək DocType-lar fərdiləşdirilə bilməz.,
Single Post (article).,Tək Yazı (məqalə).,
Single Types have only one record no tables associated. Values are stored in tabSingles,"Tək Növlərin yalnız bir qeydi var, heç bir cədvəl əlaqəli deyil. Dəyərlər tabSingles-də saxlanılır",
Skip Authorization,Avtorizasiyanı Ötür,
Skip rows with errors,Xətalı sətirləri ötür,
Slack Channel,Slack Kanalı,
Slack Webhook Error,Slack Webhook Xətası,
Slack Webhook URL,Slack Webhook URL,
Slack Webhooks for internal integration,Daxili inteqrasiya üçün Slack Webhook-ları,
Slideshow Items,Slaydşou Elementləri,
Slideshow Name,Slaydşou Adı,
Slideshow like display for the website,Veb sayt üçün slaydşou kimi göstəriş,
Small Text,Kiçik Mətn,
Smallest Currency Fraction Value,Ən Kiçik Valyuta Fraksiya Dəyəri,
Smallest circulating fraction unit (coin). For e.g. 1 cent for USD and it should be entered as 0.01,"Ən kiçik dövriyyədə olan fraksiya vahidi (qəpik). Məsələn, USD üçün 1 sent və 0.01 kimi daxil edilməlidir",
Snapshot View,Anlıq Görünüş,
Social,Sosial,
Social Login Key,Sosial Giriş Açarı,
Social Login Provider,Sosial Giriş Təminatçısı,
Social Logins,Sosial Girişlər,
Socketio is not connected. Cannot upload,Socketio qoşulu deyil. Yükləmək mümkün deyil,
Soft-Bounced,Yumşaq-Qaytarılmış,
Some of the features might not work in your browser. Please update your browser to the latest version.,Bəzi funksiyalar brauzerinizdə işləməyə bilər. Zəhmət olmasa brauzerinizi ən son versiyaya yeniləyin.,
Something went wrong,Nəsə səhv getdi,
Something went wrong while generating dropbox access token. Please check error log for more details.,Dropbox giriş tokeni yaradılarkən nəsə səhv getdi. Daha ətraflı məlumat üçün xəta jurnalını yoxlayın.,
Sorry! I could not find what you were looking for.,Üzr istəyirik! Axtardığınızı tapa bilmədim.,
Sorry! Sharing with Website User is prohibited.,Üzr istəyirik! Veb Sayt İstifadəçisi ilə paylaşmaq qadağandır.,
Sorry! User should have complete access to their own record.,Üzr istəyirik! İstifadəçinin öz qeydinə tam girişi olmalıdır.,
Sorry! You are not permitted to view this page.,Üzr istəyirik! Bu səhifəni görməyə icazəniz yoxdur.,
"Sorry, you're not authorized.","Üzr istəyirik, səlahiyyətiniz yoxdur.",
Sort Field,Çeşidləmə Sahəsi,
Sort Order,Çeşidləmə Sırası,
Sort field {0} must be a valid fieldname,Çeşidləmə sahəsi {0} etibarlı sahə adı olmalıdır,
Source Text,Mənbə Mətni,
Spam,Spam,
Special Characters are not allowed,Xüsusi simvollar icazə verilmir,
"Standard DocType cannot have default print format, use Customize Form","Standart DocType-da standart çap formatı olmamalıdır, Xüsusi Forma istifadə edin",
Standard Print Format cannot be updated,Standart çap formatı yenilənə bilməz,
Standard Print Style cannot be changed. Please duplicate to edit.,Standart çap üslubu dəyişdirilə bilməz. Düzəliş etmək üçün surətini çıxarın.,
Standard Reports,Standart Hesabatlar,
Standard Sidebar Menu,Standart Yan Menyu,
Standard roles cannot be disabled,Standart rollar deaktiv edilə bilməz,
Standard roles cannot be renamed,Standart rollar adlandırıla bilməz,
Standings,Düzgünlük,
Start Date Field,Başlanğıc Tarixi Sahəsi,
Start a conversation.,Söhbət başlamaq.,
Start entering data below this line,Aşağıdakı xətdə məlumat daxil etməyə başlayın,
Start new Format,Yeni Format başlat,
Started,Başlandı,
Starting Frappe ...,Frappe başlatılır ...,
Starts on,Başlayır,
States,Dövlətlər,
"States for workflow (e.g. Draft, Approved, Cancelled).","İş axını üçün dövlətlər (məsələn, Taslak, Təsdiqlənmiş, Ləğv edilmiş).",
Static Parameters,Statik Parametrlər,
Stats based on last month's performance (from {0} to {1}),Son ayın performansına əsaslanan statistikalar ( {0} -dan {1}-ə ),
Stats based on last week's performance (from {0} to {1}),Son həftənin performansına əsaslanan statistikalar ( {0} -dan {1}-ə ),
Status: {0},Status: {0},
Steps to verify your login,Girişinizi təsdiqləmək üçün addımlar,
Stores the JSON of last known versions of various installed apps. It is used to show release notes.,Müxtəlif quraşdırılmış tətbiqlərin son məlum versiyalarının JSON-u saxlayır. Burada buraxılış qeydlərini göstərmək üçün istifadə olunur.,
Straight rows of keys are easy to guess,Düz xətləri olan açarları təxmin etmək asandır,
Stripe Settings,Stripe Parametrləri,
Stripe payment gateway settings,Stripe ödəniş qapısı parametrləri,
Style,Üslub,
Style Settings,Üslub Parametrləri,
"Style represents the button color: Success - Green, Danger - Red, Inverse - Black, Primary - Dark Blue, Info - Light Blue, Warning - Orange","Üslub düymənin rəngini göstərir: Uğur - Yaşıl, Təhlükə - Qırmızı, Ters - Qara, Əsas - Qoyu Mavi, Məlumat - Açıq Mavi, Xəbərdarlıq - Narıncı",
Stylesheets for Print Formats,Çap Formatları üçün Üslub vərəqləri,
Sub-currency. For e.g. ""Cent"","Alt-valyuta. Məsələn, ""Sent""",
Sub-domain provided by erpnext.com,erpnext.com tərəfindən təmin edilən alt-domen,
Subdomain,Alt-domen,
Subject Field,Mövzu Sahəsi,
Submit after importing,İdxal etdikdən sonra təqdim et,
Submit an Issue,Məsələ təqdim et,
Submit this document to confirm,Bu sənədi təsdiqləmək üçün təqdim et,
Submit {0} documents?,{0} sənədini təqdim edirsiniz?,
Submitting {0},Təqdim olunur {0},
Submitted Document cannot be converted back to draft. Transition row {0},Təqdim edilmiş sənəd geri layihəyə çevrilə bilməz. Keçid sətiri {0},
Submitting,Təqdim edilir,
Subscription Notification,Abunə Bildirişi,
Subsidiary,Törəmə,
Success Action,Uğurlu Əməliyyat,
Success Message,Uğurlu Mesaj,
Success URL,Uğurlu URL,
Successful: {0} to {1},Uğurlu: {0} {1}-ə,
Successfully Done,Uğurla tamamlandı,
Successfully Updated,Uğurla yeniləndi,
Successfully updated translations,Uğurla yenilənmiş tərcümələr,
Suggested Username: {0},Təklif olunan İstifadəçi Adı: {0},
Sum,Cəm,
Sum of {0},{0}-nin cəmi,
Support Email Address Not Specified,Dəstək E-poçt Ünvanı Göstərilməyib,
Suspend Sending,Göndərməyi dayandır,
Switch To Desk,Masaya keç,
Symbol,Simvol,
Sync,Sinkronizasiya,
Sync on Migrate,Migrasiya zamanı sinkronizasiya,
Syntax error in template,Şablonda sintaksis xətası,
System,Sistem,
System Page,Sistem Səhifəsi,
System Settings,Sistem Parametrləri,
System User,Sistem İstifadəçisi,
System and Website Users,Sistem və Vebsayt İstifadəçiləri,
Table,Cədvəl,
Table Field,Cədvəl Sahəsi,
Table HTML,Cədvəl HTML,
Table MultiSelect,Cədvəl Çoxseçim,
Table updated,Cədvəl yeniləndi,
Table {0} cannot be empty,Cədvəl {0} boş ola bilməz,
Take Backup Now,İndi Yedəklə,
Take Photo,Şəkil çək,
Team Members,Komanda Üzvləri,
Team Members Heading,Komanda Üzvləri Başlığı,
Temporarily Disabled,Müvəqqəti Dayandırılıb,
Test Email Address,Test E-poçt Ünvanı,
Text,Mətn,
Text Align,Mətnin Yerləşməsi,
Text Color,Mətnin Rəngi,
Text Content,Mətn Məzmunu,
Text Editor,Mətn Redaktoru,
Text to be displayed for Link to Web Page if this form has a web page. Link route will be automatically generated based on `page_name` and `parent_website_route`,"Bu forma veb səhifəsi varsa, veb səhifəsinə keçid üçün göstəriləcək mətn. Keçid marşrutu avtomatik olaraq `page_name` və `parent_website_route` əsasında yaradılacaq",
Thank you for your email,E-poçtınız üçün təşəkkür edirik,
Thank you for your interest in subscribing to our updates,Yeniliklərimizə abunə olmağa maraq göstərdiyiniz üçün təşəkkür edirik,
Thank you for your message,Mesajınız üçün təşəkkür edirik,
The CSV format is case sensitive,CSV formatı böyük-kichik hərfə həssasdır,
The Condition '{0}' is invalid,Şərt '{0}' etibarsızdır,
The First User: You,İlk İstifadəçi: Siz,
"The application has been updated to a new version, please refresh this page","Tətbiq yeni versiyaya yeniləndi, xahiş edirik bu səhifəni yeniləyin",
The attachments could not be correctly linked to the new document,Əlavələr yeni sənədə düzgün bağlana bilmədi,
The document could not be correctly assigned,Sənəd düzgün təyin oluna bilmədi,
The document has been assigned to {0},Sənəd {0}-ə təyin edilib,
The first user will become the System Manager (you can change this later).,İlk istifadəçi Sistem Meneceri olacaq (bunu sonra dəyişə bilərsiniz).,
The name that will appear in Google Calendar,Google Təqvimində görünəcək ad,
The process for deletion of {0} data associated with {1} has been initiated.,{1} ilə əlaqəli {0} məlumatlarının silinmə prosesi başlatılıb.,
The resource you are looking for is not available,Axtardığınız resurs mövcud deyil,
The system provides many pre-defined roles. You can add new roles to set finer permissions.,Sistem bir çox əvvəlcədən müəyyən edilmiş rollar təqdim edir. Daha incə icazələr təyin etmək üçün yeni rollar əlavə edə bilərsiniz.,
The user from this field will be rewarded points,Bu sahədən istifadəçi xal alacaq,
Theme,Mövzu,
Theme URL,Mövzu URL,
There can be only one Fold in a form,Formada yalnız bir Fold ola bilər,
There is an error in your Address Template {0},Sizin Ünvan Şablonunuzda {0} xətası var,
There is no data to be exported,İxrac ediləcək məlumat yoxdur,
There is some problem with the file url: {0},Fayl URL-də bir problem var: {0},
There must be atleast one permission rule.,Ən azı bir icazə qaydası olmalıdır.,
"There seems to be an issue with the server's braintree configuration. Don't worry, in case of failure, the amount will get refunded to your account.","Serverin braintree konfiqurasiyasında bir problem var. Narahat olmayın, uğursuzluq halında məbləğ hesabınıza geri qaytarılacaq.",
There should remain at least one System Manager,Ən azı bir Sistem Meneceri qalmalıdır,
There was an error saving filters,Filtrləri saxlarkən xəta baş verdi,
There were errors,Xətalar var idi,
There were errors while creating the document. Please try again.,"Sənəd yaradılarkən xətalar baş verdi. Zəhmət olmasa, yenidən cəhd edin.",
There were errors while sending email. Please try again.,"E-poçt göndərilərkən xətalar baş verdi. Zəhmət olmasa, yenidən cəhd edin.",
"There were some errors setting the name, please contact the administrator","Adı təyin edərkən bəzi xətalar var idi, zəhmət olmasa administratorla əlaqə saxlayın",
These values will be automatically updated in transactions and also will be useful to restrict permissions for this user on transactions containing these values.,Bu dəyərlər tranzaksiyalarda avtomatik olaraq yenilənəcək və bu dəyərləri ehtiva edən tranzaksiyalarda bu istifadəçi üçün icazələri məhdudlaşdırmaq üçün də faydalı olacaq.,
Third Party Apps,Üçüncü Tərəf Tətbiqləri,
Third Party Authentication,Üçüncü Tərəf Doğrulama,
This Currency is disabled. Enable to use in transactions,Bu Valyuta deaktivdir. Tranzaksiyalarda istifadə etmək üçün aktivləşdirin,
This Kanban Board will be private,Bu Kanban Taxtası özəl olacaq,
This document cannot be reverted,Bu sənəd geri qaytarıla bilməz,
This document has been modified after the email was sent.,Bu sənəd e-poçt göndərildikdən sonra dəyişdirilib.,
This document has been reverted,Bu sənəd geri qaytarılıb,
This document is currently queued for execution. Please try again,"Bu sənəd hazırda icra üçün sıraya alınıb. Zəhmət olmasa, yenidən cəhd edin",
This email is autogenerated,Bu e-poçt avtomatik yaradılıb,
This email was sent to {0},Bu e-poçt {0}-a göndərilib,
This email was sent to {0} and copied to {1},Bu e-poçt {0}-a göndərilib və {1}-ə kopyalanıb,
This feature is brand new and still experimental,Bu funksiya tamamilə yenidir və hələ də sınaq mərhələsindədir,
This field will appear only if the fieldname defined here has value OR the rules are true (examples):\nmyfield\neval:doc.myfield=='My Value'\neval:doc.age&gt;18,Bu sahə yalnız burada müəyyən edilmiş sahənin adı dəyərə malikdirsə VƏ ya qaydalar doğru olduqda görünəcək (nümunələr):\nmyfield\neval:doc.myfield=='Mənim Dəyərim'\neval:doc.age&gt;18,
This form does not have any input,Bu formda heç bir giriş yoxdur,
This form has been modified after you have loaded it,Bu forma yüklədiyinizdən sonra dəyişiklik edilib,
This format is used if country specific format is not found,Bu format ölkəyə spesifik format tapılmadıqda istifadə olunur,
This goes above the slideshow.,Bu slayd şoudan yuxarıda gedir.,
This is a background report. Please set the appropriate filters and then generate a new one.,"Bu bir arxa plan hesabatıdır. Zəhmət olmasa, uyğun filtrleri təyin edin və sonra yenisini yaradın.",
This is a top-10 common password.,"Bu, ən çox 10 yaygın şifrədir.",
This is a top-100 common password.,"Bu, ən çox 100 yaygın şifrədir.",
This is a very common password.,"Bu, çox yaygın bir şifrədir.",
This is an automatically generated reply,"Bu, avtomatik yaradılan cavabdır",
This is similar to a commonly used password.,"Bu, tez-tez istifadə olunan şifrəyə bənzəyir.",
This is the template file generated with only the rows having some error. You should use this file for correction and import.,"Bu, yalnız bəzi xətaları olan sətirləri ehtiva edən şablon faylıdır. Düzəliş və idxal üçün bu faylı istifadə etməlisiniz.",
This link has already been activated for verification.,Bu link artıq təsdiqlənmək üçün aktivləşdirilib.,
This link is invalid or expired. Please make sure you have pasted correctly.,"Bu link etibarsızdır və ya müddəti bitib. Zəhmət olmasa, düzgün yapışdırdığınızdan əmin olun.",
This may get printed on multiple pages,"Bu, bir neçə səhifədə çap oluna bilər",
This month,Bu ay,
This query style is discontinued,Bu sorğu üslubu dayandırılıb,
This report was generated on {0},Bu hesabat {0}-da yaradılıb,
This report was generated {0}.,Bu hesabat {0}-da yaradılıb.,
This request has not yet been approved by the user.,Bu sorğu hələ istifadəçi tərəfindən təsdiqlənməyib.,
This role update User Permissions for a user,Bu rol istifadəçi üçün İcazələri yeniləyir,
This will log out {0} from all other devices,"Bu, {0}-ı bütün digər cihazlardan çıxaracaq",
This will permanently remove your data.,"Bu, məlumatlarınızı daimi olaraq siləcək.",
Thumbnail URL,Thumbnail URL,
Time Interval,Zaman Aralığı,
Time Series,Zaman Seriyası,
Time Series Based On,Zaman Seriyası Əsaslı,
Time Zone,Zaman Zonası,
Time Zones,Zaman Zonaları,
Time in seconds to retain QR code image on server. Min:<strong>240</strong>,QR kod görüntüsünü serverdə saxlamaq üçün zaman (saniyə ilə). Min:<strong>240</strong>,
Timeline DocType,Taymlayn DocType,
Timeline Field,Taymlayn Sahəsi,
Timeline Links,Taymlayn Bağlantıları,
Timeline Name,Taymlayn Adı,
Timeline field must be a Link or Dynamic Link,Taymlayn sahəsi Link və ya Dinamik Link olmalıdır,
Timeline field must be a valid fieldname,Taymlayn sahəsi etibarlı sahə adı olmalıdır,
Timeseries,Zaman seriyası,
Timestamp,Zaman Damğası,
Title Case,Başlıq Halında,
Title Field,Başlıq Sahəsi,
Title Prefix,Başlıq Prefiksi,
Title field must be a valid fieldname,Başlıq sahəsi etibarlı sahə adı olmalıdır,
To Date Field,Tarixə Qədər Sahəsi,
To Do,Ediləcək,
To User,İstifadəçiyə,
"To add dynamic subject, use jinja tags like\n\n<div><pre><code>New {{ doc.doctype }} #{{ doc.name }}</code></pre></div>","Dinamik mövzu əlavə etmək üçün, jinja etiketlərindən istifadə edin:\n\n<div><pre><code>Yeni {{ doc.doctype }} #{{ doc.name }}</code></pre></div>",
"To add dynamic subject, use jinja tags like\n\n<div><pre><code>{{ doc.name }} Delivered</code></pre></div>","Dinamik mövzu əlavə etmək üçün, jinja etiketlərindən istifadə edin:\n\n<div><pre><code>{{ doc.name }} Təslim Edildi</code></pre></div>",
To and CC,Kimə və CC,
"To get the updated report, click on {0}.","Yenilənmiş hesabatı əldə etmək üçün {0} üzərinə klikləyin.",
ToDo,Ediləcək,
Today,Bu Gün,
Toggle Chart,Qrafiki Dəyişdir,
Toggle Charts,Qrafikləri Dəyişdir,
Toggle Grid View,Şəbəkə Görünüşünü Dəyişdir,
Toggle Sidebar,Yan Paneli Dəyişdir,
Token,Token,
Token is missing,Token itkin,
"Too many users signed up recently, so the registration is disabled. Please try back in an hour","Son zamanlarda çox sayda istifadəçi qeydiyyatdan keçib, buna görə də qeydiyyat dayandırılıb. Zəhmət olmasa bir saat sonra yenidən cəhd edin",
Too many writes in one request. Please send smaller requests,Bir sorğuda çox sayda yazma. Zəhmət olmasa daha kiçik sorğular göndərin,
Top Bar Item,Üst Panel Maddəsi,
Top Bar Items,Üst Panel Maddələri,
Top Performer,Üst İcraçı,
Top Reviewer,Üst Rəyləyici,
Top {0},Üst {0},
Total Pages,Cəmi Səhifələr,
Total Rows,Cəmi Sıralar,
Total Subscribers,Cəmi Abunəçilər,
Total number of emails to sync in initial sync process,İlkin sinxronizasiya prosesində sinxronizasiya ediləcək e-poçtların cəmi,
Totals Row,Cəmi Sıra,
Track Changes,Dəyişiklikləri İzləyin,
Track Email Status,E-poçt Statusunu İzləyin,
Track Field,Sahəni İzləyin,
Track Seen,Görülmüşü İzləyin,
Track Views,Baxışları İzləyin,
"Track if your email has been opened by the recipient.\n<br>\nNote: If you're sending to multiple recipients, even if 1 recipient reads the email, it'll be considered "Opened"","E-poçtunuzun alıcı tərəfindən açılıb-açılmadığını izləyin.\n<br>\nQeyd: Bir neçə alıcıya göndərirsinizsə, hətta 1 alıcı e-poçtu oxusa, bu "Açıldı" hesab ediləcək",
Track milestones for any document,Hər hansı bir sənəd üçün mərhələləri izləyin,
Transaction Hash,Transaksiya Hash,
Transaction Log,Transaksiya Jurnalı,
Transaction Log Report,Transaksiya Jurnalı Hesabatı,
Transition Rules,Keçid Qaydaları,
Transitions,Keçidlər,
Translatable,Tərcümə oluna bilən,
Translate {0},Tərcümə et {0},
Translated Text,Tərcümə edilmiş mətn,
Translation,Tərcümə,
Translations,Tərcümələr,
Trash,Tullantı,
Tree,Ağac,
Trigger Method,Tetikləmə Metodu,
Trigger Name,Tetikləmə Adı,
"Trigger on valid methods like ""before_insert"", ""after_update"", etc (will depend on the DocType selected)","Seçilmiş DocType-a əsaslanan ""before_insert"", ""after_update"" kimi etibarlı metodlarda tetikləmə (seçimə bağlı olacaq)",
Try to avoid repeated words and characters,Təkrarlanan sözlər və simvollardan qaçmağa çalışın,
Try to use a longer keyboard pattern with more turns,Daha çox dönüşü olan daha uzun bir klaviatura naxışı istifadə etməyə çalışın,
Two Factor Authentication,İki Faktorlu Təsdiq,
Two Factor Authentication method,İki Faktorlu Təsdiq metodu,
Type something in the search box to search,Axtarış qutusuna bir şey yazın,
Type:,Yazın:,
UID,UID,
UIDNEXT,UIDNEXT,
UIDVALIDITY,UIDVALIDITY,
UNSEEN,UNSEEN,
UPPER CASE,UPPER CASE,
"URIs for receiving authorization code once the user allows access, as well as failure responses. Typically a REST endpoint exposed by the Client App.\n<br>e.g. http://hostname//api/method/frappe.www.login.login_via_facebook","İstifadəçi icazə verdikdən sonra təsdiq kodunu almaq üçün URIs, həmçinin uğursuz cavablar. Adətən, Müştəri Tətbiqi tərəfindən açıq olan REST uç nöqtəsi.\n<br>məsələn http://hostname//api/method/frappe.www.login.login_via_facebook",
URLs,URL-lər,
Unable to find attachment {0},Bağlantı {0} tapılmadı,
Unable to load camera.,Kameranı yükləmək mümkün deyil.,
Unable to load: {0},Yükləmək mümkün deyil: {0},
Unable to open attached file. Did you export it as CSV?,Bağlı faylı açmaq mümkün deyil. Onu CSV formatında ixrac etdinizmi?,
Unable to read file format for {0},{0} üçün fayl formatını oxumaq mümkün deyil,
Unable to send emails at this time,Bu anda e-poçt göndərmək mümkün deyil,
Unable to update event,Hadisəni yeniləmək mümkün deyil,
Unable to write file format for {0},{0} üçün fayl formatını yazmaq mümkün deyil,
Unassign Condition,Şərti ləğv et,
Under Development,İnkişaf mərhələsində,
Unfollow,İzləməmək,
Unhandled Email,İdarə edilməmiş E-poçt,
Unique,Unikal,
Unknown Column: {0},Naməlum Sütun: {0},
Unknown User,Naməlum İstifadəçi,
"Unknown file encoding. Tried utf-8, windows-1250, windows-1252.","Naməlum fayl kodlaşdırması. utf-8, windows-1250, windows-1252 sınandı.",
Unread,Oxunmamış,
Unread Notification Sent,Oxunmamış Bildiriş Göndərildi,
Unselect All,Hamısını seçmə,
Unshared,Paylaşılmamış,
Unsubscribe,Abunəlikdən çıx,
Unsubscribe Method,Abunəlikdən çıxma Metodu,
Unsubscribe Param,Abunəlikdən çıxma Parametri,
Unsupported File Format,Dəstəklənməyən Fayl Formatı,
Unzip,Aç,
Unzipped {0} files,{0} faylları açıldı,
Unzipping files...,Fayllar açılır...,
Upcoming Events for Today,Bu gün üçün Gözlənilən Hadisələr,
Update Field,Sahəni Yenilə,
Update Translations,Tərcümələri Yenilə,
Update Value,Dəyəri Yenilə,
Update many values at one time.,Eyni anda bir çox dəyəri yeniləyin.,
Update records,Qeydləri Yenilə,
Updated,Yeniləndi,
Updated successfully,Uğurla yeniləndi,
Updated {0}: {1},Yeniləndi {0}: {1},
Updating,Yeniləmə,
Updating {0},{0} yeniləmə,
Upload Failed,Yükləmə Başarısız oldu,
Uploaded To Dropbox,Dropbox'a yükləndi,
Use ASCII encoding for password,Şifrə üçün ASCII kodlamasından istifadə edin,
Use Different Email Login ID,Fərqli E-poçt Girişi İD'sindən istifadə edin,
Use IMAP,IMAP-dan istifadə edin,
Use POST,POST-dan istifadə edin,
Use SSL,SSL-dən istifadə edin,
Use TLS,TLS-dən istifadə edin,
"Use a few words, avoid common phrases.","Bir neçə söz istifadə edin, ümumi ifadələrdən qaçın.",
Use of sub-query or function is restricted,Alt-sorğu və ya funksiyanın istifadəsi məhduddur,
Use socketio to upload file,Faylı yükləmək üçün socketio istifadə edin,
Use this fieldname to generate title,Başlıq yaratmaq üçün bu sahə adından istifadə edin,
User '{0}' already has the role '{1}',İstifadəçi '{0}' artıq '{1}' roluna malikdir,
User Cannot Create,İstifadəçi yarada bilmir,
User Cannot Search,İstifadəçi axtara bilmir,
User Defaults,İstifadəçi Parametrləri,
User Email,İstifadəçi E-poçtu,
User Emails,İstifadəçi E-poçtları,
User Field,İstifadəçi Sahəsi,
User ID of a Blogger,Bir Blogger-in İstifadəçi ID'si,
User Image,İstifadəçi Şəkli,
User Name,İstifadəçi Adı,
User Permission,İstifadəçi İcazəsi,
User Permissions,İstifadəçi İcazələri,
User Permissions are used to limit users to specific records.,İstifadəçi İcazələri istifadəçiləri müəyyən qeydlərlə məhdudlaşdırmaq üçün istifadə olunur.,
User Permissions created sucessfully,İstifadəçi İcazələri uğurla yaradıldı,
User Roles,İstifadəçi Rolları,
User Social Login,İstifadəçi Sosial Girişi,
User Tags,İstifadəçi Etiketləri,
User Type,İstifadəçi Növü,
User can login using Email id or Mobile number,İstifadəçi E-poçt ID'si və ya Mobil nömrə ilə daxil ola bilər,
User can login using Email id or User Name,İstifadəçi E-poçt ID'si və ya İstifadəçi Adı ilə daxil ola bilər,
User editable form on Website.,İstifadəçi veb saytında redaktə edilə bilən forma.,
User is mandatory for Share,İstifadəçi Paylaşmaq üçün məcburidir,
User not allowed to delete {0}: {1},İstifadəçinin {0} silinməsinə icazə verilmir: {1},
User permission already exists,İstifadəçi icazəsi artıq mövcuddur,
User permissions should not apply for this Link,Bu Bağlantı üçün istifadəçi icazələri tətbiq olunmamalıdır,
User {0} cannot be deleted,İstifadəçi {0} silinə bilmir,
User {0} cannot be disabled,İstifadəçi {0} deaktiv edilə bilmir,
User {0} cannot be renamed,İstifadəçi {0} adını dəyişə bilmir,
User {0} does not have access to this document,İstifadəçi {0} bu sənəd üçün girişə malik deyil,
User {0} does not have doctype access via role permission for document {1},İstifadəçi {0} sənəd {1} üçün rol icazəsi ilə doctype girişinə malik deyil,
Username,İstifadəçi adı,
Username {0} already exists,İstifadəçi adı {0} artıq mövcuddur,
Users with role {0}:,{0} roluna malik istifadəçilər:,
Uses the Email Address Name mentioned in this Account as the Sender's Name for all emails sent using this Account.,Bu Hesabda qeyd olunan E-poçt Ünvanını bu Hesab vasitəsilə göndərilən bütün e-maillərin Göndərəninin Adı olaraq istifadə edir.,
Uses the Email Address mentioned in this Account as the Sender for all emails sent using this Account.,Bu Hesabda qeyd olunan E-poçt Ünvanını bu Hesab vasitəsilə göndərilən bütün e-maillərin Göndərəni olaraq istifadə edir.,
Valid,Keçərli,
Valid Login id required.,Keçərli Giriş ID'si tələb olunur.,
Valid email and name required,Keçərli e-poçt və ad tələb olunur,
Value Based On,Dəyər Əsaslı,
Value Change,Dəyər Dəyişikliyi,
Value Changed,Dəyər Dəyişdi,
Value To Be Set,Təyin olunacaq dəyər,
Value cannot be changed for {0},Dəyər {0} üçün dəyişdirilə bilməz,
Value for a check field can be either 0 or 1,"Yoxlama sahəsi üçün dəyər ya 0, ya da 1 ola bilər",
Value for {0} cannot be a list,{0} üçün dəyər siyahı ola bilməz,
Value missing for,Dəyər itkin,
Value too big,Dəyər çox böyük,
Values Changed,Dəyərlər Dəyişdirildi,
Verfication Code,Təsdiq Kodu,
Verification Link,Təsdiq Bağlantısı,
Verification code has been sent to your registered email address.,Təsdiq kodu qeydiyyatdan keçmiş e-poçt ünvanınıza göndərilmişdir.,
Verify,Təsdiq et,
Verify Password,Şifrəni təsdiq et,
Verifying...,Təsdiq edilir...,
Version,Versiya,
Version Updated,Versiya Yeniləndi,
View All,Hamısını Gör,
View Comment,Şərhi Gör,
View List,Siyahını Gör,
View Log,Girişləri Gör,
View Permitted Documents,İcazə verilən Sənədləri Gör,
View Properties (via Customize Form),Xüsusi Form vasitəsilə Əmlakları Gör,
View Settings,Parametrləri Gör,
View Website,Veb Saytını Gör,
View document,Sənədi Gör,
View report in your browser,Brauzerinizdə hesabatı Gör,
View this in your browser,Bunu brauzerinizdə Gör,
View {0},{0} Gör,
Viewed By,Görən,
Visit,Ziyarət et,
Visitor,Ziyarətçi,
We have received a request for deletion of {0} data associated with: {1},{0} ilə bağlı {1} məlumatının silinməsi üçün bir sorğu aldıq,
We have received a request from you to download your {0} data associated with: {1},{0} ilə bağlı {1} məlumatınızı yükləmək üçün sizdən bir sorğu aldıq,
Web Form,Veb Form,
Web Form Field,Veb Form Sahəsi,
Web Form Fields,Veb Form Sahələri,
Web Page,Veb Səhifə,
Web Page Link Text,Veb Səhifə Bağlantı Mətni,
Web Site,Veb Sayt,
Web View,Veb Görüntü,
Webhook,Webhook,
Webhook Data,Webhook Məlumatı,
Webhook Header,Webhook Başlığı,
Webhook Headers,Webhook Başlıqları,
Webhook Request,Webhook Sorğusu,
Webhook URL,Webhook URL,
Webhooks calling API requests into web apps,Webhooklar API sorğularını veb tətbiqlərinə çağırır,
Website Meta Tag,Veb Sayt Meta Etiketi,
Website Route Meta,Veb Sayt Marşrutu Meta,
Website Route Redirect,Veb Sayt Marşrutu Yenidən Yönləndirmə,
Website Script,Veb Sayt Skripti,
Website Sidebar,Veb Sayt Yan Paneli,
Website Sidebar Item,Veb Sayt Yan Paneli Maddəsi,
Website Slideshow,Veb Sayt Slayd Şou,
Website Slideshow Item,Veb Sayt Slayd Şou Maddəsi,
Website Theme,Veb Sayt Teması,
Website Theme Image,Veb Sayt Teması Şəkli,
Website Theme Image Link,Veb Sayt Teması Şəkil Bağlantısı,
Website User,Veb Sayt İstifadəçisi,
Welcome Message,Xoş Gəlmə Mesajı,
"When you Amend a document after Cancel and save it, it will get a new number that is a version of the old number.","Bir sənədi ləğv etdikdən sonra dəyişdirəndə, o, köhnə nömrənin versiyası olan yeni bir nömrə alacaq.",
Width,En,
Widths can be set in px or %.,Enlər px və ya % ilə təyin edilə bilər.,
Will be used in url (usually first name).,URL-də istifadə olunacaq (adətən ad).,
Will be your login ID,Sizin giriş ID-niz olacaq,
Will only be shown if section headings are enabled,Sahə başlıqları aktiv edildikdə yalnız göstəriləcək,
With Letter head,Başlıq ilə,
With Letterhead,Başlıq kağızı ilə,
Workflow Action,İş Axını Hərəkəti,
Workflow Action Master,İş Axını Hərəkəti Master,
Workflow Action Name,İş Prosesi Fəaliyyətinin Adı,
Workflow Document State,İş Prosesi Sənədinin Vəziyyəti,
Workflow Name,İş Prosesi Adı,
Workflow State,İş Prosesi Vəziyyəti,
Workflow State Field,İş Prosesi Vəziyyəti Sahəsi,
Workflow State not set,İş Prosesi Vəziyyəti təyin edilməmişdir,
Workflow Transition,İş Prosesi Keçidi,
Workflow state represents the current state of a document.,İş prosesi vəziyyəti sənədin cari vəziyyətini təmsil edir.,
Write,Yaz,
Wrong fieldname <b>{0}</b> in add_fetch configuration of custom script,Yanlış sahə adı <b>{0}</b> xüsusi skriptin add_fetch konfiqurasiyasında,
X Axis Field,X Oxu Sahəsi,
Y Axis Fields,Y Oxu Sahələri,
Yandex.Mail,Yandex.Mail,
Yesterday,Dünən,
You are connected to internet.,İnternətə qoşulmusunuz.,
You are not allowed to create columns,Sütunlar yaratmağa icazəniz yoxdur,
You are not allowed to delete a standard Website Theme,Standart Vebsayt Temasını silməyə icazəniz yoxdur,
You are not allowed to print this document,Bu sənədi çap etməyə icazəniz yoxdur,
You are not allowed to print this report,Bu hesabatı çap etməyə icazəniz yoxdur,
You are not allowed to send emails related to this document,Bu sənəd ilə bağlı e-poçt göndərməyə icazəniz yoxdur,
You are not allowed to update this Web Form Document,Bu Veb Forma Sənədini yeniləməyə icazəniz yoxdur,
You are not connected to Internet. Retry after sometime.,İnternətə qoşulmamısınız. Bir müddət sonra yenidən cəhd edin.,
You are not permitted to access this page.,Bu səhifəyə daxil olmağa icazəniz yoxdur.,
You are not permitted to view the newsletter.,Bülletenə baxmağa icazəniz yoxdur.,
You are now following this document. You will receive daily updates via email. You can change this in User Settings.,İndi bu sənədin izlənməsindəsiniz. Gündəlik yeniləmələri e-poçt vasitəsilə alacaqsınız. Bunu İstifadəçi Parametrlərində dəyişə bilərsiniz.,
You can add dynamic properties from the document by using Jinja templating.,Jinja şablonlaşdırmasından istifadə edərək sənəddən dinamik xüsusiyyətlər əlavə edə bilərsiniz.,
You can also copy-paste this,Bunu da kopyalayıb-yapışdıra bilərsiniz,
"You can change Submitted documents by cancelling them and then, amending them.","Göndərilmiş sənədləri ləğv edərək və sonra dəyişdirərək dəyişə bilərsiniz.",
You can find things by asking 'find orange in customers','find orange in customers' deyərək şeyləri tapa bilərsiniz,
You can only upload upto 5000 records in one go. (may be less in some cases),Eyni anda yalnız 5000 qeydi yükləyə bilərsiniz. (bəzi hallarda daha az ola bilər),
You can use Customize Form to set levels on fields.,Sahələrdə səviyyələri təyin etmək üçün Xüsusi Forma istifadə edə bilərsiniz.,
You can use wildcard %,Wildcard % istifadə edə bilərsiniz,
You can't set 'Options' for field {0},Sahə {0} üçün 'Seçimlər' təyin edə bilməzsiniz,
You can't set 'Translatable' for field {0},Sahə {0} üçün 'Tərcümə oluna bilən' təyin edə bilməzsiniz,
You cannot give review points to yourself,Özünüzə qiymətləndirmə balları verə bilməzsiniz,
You cannot unset 'Read Only' for field {0},Sahə {0} üçün 'Yalnız oxuma' vəziyyətini ləğv edə bilməzsiniz,
You do not have enough permissions to access this resource. Please contact your manager to get access.,"Bu resursa daxil olmaq üçün kifayət qədər icazəniz yoxdur. Zəhmət olmasa, daxil olmaq üçün menecerinizlə əlaqə saxlayın.",
You do not have enough permissions to complete the action,Bu əməliyyatı tamamlamaq üçün kifayət qədər icazəniz yoxdur.,
You do not have enough points,Kifayət qədər balınız yoxdur.,
You do not have enough review points,Kifayət qədər baxış balınız yoxdur.,
You don't have access to Report: {0},Hesabat: {0} üçün daxil olma icazəniz yoxdur.,
You don't have any messages yet.,Hələ heç bir mesajınız yoxdur.,
You don't have permission to access this file,Bu fayla daxil olmaq üçün icazəniz yoxdur.,
You don't have permission to get a report on: {0},{0} üzrə hesabat almaq üçün icazəniz yoxdur.,
You don't have the permissions to access this document,Bu sənədə daxil olmaq üçün icazəniz yoxdur.,
You gained {0} point,{0} bal qazandınız.,
You gained {0} points,{0} bal qazandınız.,
You have a new message from:,Yeni bir mesajınız var:,
You have been successfully logged out,Uğurla çıxış etdiniz.,
You have unsaved changes in this form. Please save before you continue.,"Bu formda saxlanmamış dəyişiklikləriniz var. Davam etməzdən əvvəl zəhmət olmasa, saxlayın.",
You must login to submit this form,Bu formu təqdim etmək üçün daxil olmalısınız.,
You need to be in developer mode to edit a Standard Web Form,Standart Veb Formunu redaktə etmək üçün inkişaf etdirici rejimində olmalısınız.,
You need to be logged in and have System Manager Role to be able to access backups.,Ehtiyat nüsxələrinə daxil olmaq üçün daxil olmalısınız və Sistem Meneceri roluna sahib olmalısınız.,
You need to be logged in to access this {0}.,Bu {0} -a daxil olmaq üçün daxil olmalısınız.,
You need to have "Share" permission,"Paylaş" icazəniz olmalıdır.,
You need write permission to rename,Yenidən adlandırmaq üçün yazma icazəniz olmalıdır.,
You selected Draft or Cancelled documents,Düzəliş və ya Ləğv edilmiş sənədləri seçdiniz.,
You unfollowed this document,Bu sənədi izləməyi dayandırdınız.,
Your Country,Sizin ölkəniz,
Your Language,Sizin diliniz,
Your Name,Sizin adınız,
Your account has been locked and will resume after {0} seconds,Hesabınız bloklanıb və {0} saniyədən sonra bərpa olunacaq.,
Your connection request to Google Calendar was successfully accepted,Google Təqvimə qoşulma tələbiniz uğurla qəbul edildi.,
Your information has been submitted,Məlumatınız təqdim edilib.,
Your login id is,Daxil olma identifikatorunuz:,
Your organization name and address for the email footer.,E-poçt altlığı üçün təşkilatınızın adı və ünvanı.,
Your payment has been successfully registered.,Ödəməniz uğurla qeyd edildi.,
Your payment has failed.,Ödəməniz uğursuz oldu.,
Your payment is cancelled.,Ödəməniz ləğv edildi.,
Your payment was successfully accepted,Ödəməniz uğurla qəbul edildi.,
"Your query has been received. We will reply back shortly. If you have any additional information, please reply to this mail.","Sizin sorğunuz qəbul edildi. Qısa zamanda sizə cavab verəcəyik. Əgər əlavə məlumatınız varsa, xahiş edirik bu mailə cavab verin.",
"Your session has expired, please login again to continue.","Sizin sessiyanız bitmişdir, davam etmək üçün yenidən daxil olun.",
Zero,Sıfır,
Zero means send records updated at anytime,"Sıfır, istənilən vaxt yenilənmiş qeydləri göndərmək deməkdir",
{0} Calendar,{0} Təqvim,
{0} Chart,{0} Qrafik,
{0} Dashboard,{0} İdarəetmə Paneli,
{0} List,{0} Siyahı,
{0} Modules,{0} Modullar,
{0} Report,{0} Hesabat,
{0} Settings not found,{0} Parametrlər tapılmadı,
{0} Tree,{0} Ağac,
{0} added,{0} əlavə edildi,
{0} already exists. Select another name,{0} artıq mövcuddur. Başqa bir ad seçin,
{0} already unsubscribed,{0} artıq abunəliyi ləğv edib,
{0} already unsubscribed for {1} {2},{0} artıq abunəliyi ləğv edib {1} {2},
{0} and {1},{0} və {1},
{0} appreciated on {1},{0} {1}-də qiymətləndirildi,
{0} appreciated your work on {1} with {2} point,{0} {1} üzrə işinizi {2} bal ilə qiymətləndirdi,
{0} appreciated your work on {1} with {2} points,{0} {1} üzrə işinizi {2} balla qiymətləndirdi,
{0} appreciated {1},{0} {1}-i qiymətləndirdi,
{0} appreciation point for {1} {2},{0} {1} {2} üçün qiymətləndirmə balı,
{0} appreciation points for {1} {2},{0} {1} {2} üçün qiymətləndirmə balları,
{0} assigned {1}: {2},{0} {1}: {2} təyin edildi,
{0} cannot be set for Single types,{0} Tək tiplər üçün təyin oluna bilmir,
{0} comments,{0} şərhlər,
{0} created successfully,{0} uğurla yaradıldı,
{0} criticism point for {1} {2},{0} tənqid balı {1} {2} üçün,
{0} criticism points for {1} {2},{0} tənqid balları {1} {2} üçün,
{0} criticized on {1},{0} {1}-də tənqid edildi,
{0} criticized your work on {1} with {2} point,{0} {1} üzrə işinizi {2} bal ilə tənqid etdi,
{0} criticized your work on {1} with {2} points,{0} {1} üzrə işinizi {2} balla tənqid etdi,
{0} criticized {1},{0} {1}-i tənqid etdi,
{0} days ago,{0} gün əvvəl,
{0} does not exist in row {1},{0} {1} sətirində mövcud deyil,
"{0} field cannot be set as unique in {1}, as there are non-unique existing values","{0} sahəsi {1}-də unikal olaraq təyin oluna bilmir, çünki qeyri-unikal mövcud dəyərlər var",
{0} has already assigned default value for {1}.,{0} artıq {1} üçün standart dəyər təyin edib.,
{0} has been successfully added to the Email Group.,{0} E-poçt Qrupuna uğurla əlavə edildi.,
{0} has left the conversation in {1} {2},{0} {1} {2} müzakirəni tərk etdi,
{0} hours ago,{0} saat əvvəl,
{0} in row {1} cannot have both URL and child items,"{0} {1} sətirində həm URL, həm də uşaq maddələri ola bilməz",
{0} is a mandatory field,{0} məcburi bir sahədir,
{0} is an invalid email address in 'Recipients',{0} 'Alıcılar' hissəsində etibarsız e-poçt ünvanıdır,
{0} is not a raw printing format.,{0} xam çap formatı deyil.,
{0} is not a valid Email Address,{0} etibarlı E-poçt Ünvanı deyil,
{0} is not a valid Workflow State. Please update your Workflow and try again.,"{0} etibarlı İş Axını Vəziyyəti deyil. Zəhmət olmasa, İş Axınınızı yeniləyin və yenidən cəhd edin.",
{0} is now default print format for {1} doctype,{0} artıq {1} sənəd növü üçün standart çap formatıdır,
{0} is saved,{0} yadda saxlanıldı,
{0} items selected,{0} element seçildi,
{0} logged in,{0} daxil olub,
{0} logged out: {1},{0} çıxıb: {1},
{0} minutes ago,{0} dəqiqə əvvəl,
{0} months ago,{0} ay əvvəl,
{0} must be one of {1},{0} {1}-dən biri olmalıdır,
{0} must be set first,{0} əvvəlcə təyin edilməlidir,
{0} must be unique,{0} unikal olmalıdır,
{0} not a valid State,{0} etibarlı Vəziyyət deyil,
{0} not allowed to be renamed,{0} adlandırılmasına icazə verilmir,
{0} not found,{0} tapılmadı,
{0} of {1},{0} {1}-in,
{0} or {1},{0} və ya {1},
{0} record deleted,{0} qeyd silindi,
{0} records deleted,{0} qeydlər silindi,
{0} reverted your point on {1},{0} sizin {1} üzrə fikrinizi geri aldı,
{0} reverted your points on {1},{0} sizin {1} üzrə fikirlərinizi geri aldı,
{0} reverted {1},{0} {1}-i geri aldı,
{0} room must have atmost one user.,{0} otaqda ən çox bir istifadəçi olmalıdır.,
{0} rows for {1},{0} {1} üçün sətirlər,
{0} saved successfully,{0} müvəffəqiyyətlə yadda saxlandı,
{0} self assigned this task: {1},{0} bu tapşırığı özünə təyin etdi: {1},
{0} shared this document with everyone,{0} bu sənədi hər kəs ilə paylaşdı,
{0} shared this document with {1},{0} bu sənədi {1} ilə paylaşdı,
{0} subscribers added,{0} abunəçilər əlavə edildi,
{0} to stop receiving emails of this type,{0} bu növ e-mailləri almağı dayandırmaq üçün,
{0} to {1},{0} {1}-ə,
{0} un-shared this document with {1},{0} bu sənədi {1} ilə paylaşmağı dayandırdı,
{0} updated,{0} yeniləndi,
{0} weeks ago,{0} həftə əvvəl,
{0} {1} added,{0} {1} əlavə edildi,
{0} {1} already exists,{0} {1} artıq mövcuddur,
{0} {1} cannot be ""{2}"". It should be one of ""{3}"","{0} {1} ""{2}"" ola bilməz. O, ""{3}""-dən biri olmalıdır",
{0} {1} cannot be a leaf node as it has children,"{0} {1} uşaq düyünü ola bilməz, çünki uşaqları var",
"{0} {1} does not exist, select a new target to merge","{0} {1} mövcud deyil, birləşmək üçün yeni hədəf seçin",
{0} {1} not found,{0} {1} tapılmadı,
{0} {1} to {2},{0} {1}-ə {2},
"{0}, Row {1}","{0}, Sətir {1}",
"{0}: '{1}' ({3}) will get truncated, as max characters allowed is {2}","{0}: '{1}' ({3}) kəsiləcək, çünki icazə verilən maksimum simvol sayı {2}-dir",
{0}: Cannot set Amend without Cancel,"{0}: Dəyişiklik təyin edilə bilmir, ləğv olmadan",
{0}: Cannot set Assign Amend if not Submittable,"{0}: Təyin edilmiş Dəyişiklik təyin edilə bilmir, təqdim edilə bilməzsə",
{0}: Cannot set Assign Submit if not Submittable,"{0}: Təyin edilmiş Təqdimat təyin edilə bilmir, təqdim edilə bilməzsə",
{0}: Cannot set Cancel without Submit,{0}: Ləğv etmədən təqdim edilə bilmir,
{0}: Cannot set Import without Create,{0}: Yaradılmadan idxal edilə bilmir,
"{0}: Cannot set Submit, Cancel, Amend without Write","{0}: Yazmadan təqdim etmək, ləğv etmək, dəyişiklik etmək mümkün deyil",
{0}: Cannot set import as {1} is not importable,{0}: {1} idxal edilə bilmir,
{0}: No basic permissions set,{0}: Heç bir əsas icazə təyin edilməyib,
"{0}: Only one rule allowed with the same Role, Level and {1}","{0}: Eyni Rol, Səviyyə və {1} ilə yalnız bir qayda icazə verilir",
{0}: Permission at level 0 must be set before higher levels are set,"{0}: Səviyyə 0-da icazə, daha yüksək səviyyələr təyin edilməzdən əvvəl müəyyən edilməlidir",
{0}: {1} in {2},{0}: {1} içində {2},
{0}: {1} is set to state {2},{0}: {1} {2} vəziyyətinə təyin edilib,
{app_title},{app_title},
{{{0}}} is not a valid fieldname pattern. It should be {{field_name}}.,"{{{0}}} etibarlı sahə adı nümunəsi deyil. O, {{field_name}} olmalıdır.",
Communication Link,Ünsiyyət Bağlantısı,
Force User to Reset Password,İstifadəçini Şifrəni Yeniləməyə Zorlayın,
In Days,Günlərdə,
Last Password Reset Date,Son Şifrə Yeniləmə Tarixi,
The password of your account has expired.,Hesabınızın şifrəsi müddətini başa vurub.,
Workflow State transition not allowed from {0} to {1},İş Axını vəziyyəti {0} -dan {1} -ə keçidə icazə verilmir,
{0} must be after {1},{0} {1} -dən sonra olmalıdır,
{0}: Field '{1}' cannot be set as Unique as it has non-unique values,"{0}: '{1}' sahəsi Unikal olaraq təyin oluna bilmir, çünki qeyri-unikal dəyərləri var",
{0}: Field {1} in row {2} cannot be hidden and mandatory without default,{0}: {1} sahəsi {2} sətrində gizlədilə və standart olmadan məcburi ola bilməz,
{0}: Field {1} of type {2} cannot be mandatory,{0}: {2} tipli {1} sahəsi məcburi ola bilməz,
{0}: Fieldname {1} appears multiple times in rows {2},{0}: Sahə adı {1} {2} sətrində bir neçə dəfə görünür,
{0}: Fieldtype {1} for {2} cannot be unique,{0}: {2} üçün {1} sahə tipi unikal ola bilməz,
{0}: Options must be a valid DocType for field {1} in row {2},{0}: Seçimlər {1} sahəsi üçün {2} sətrində etibarlı DocType olmalıdır,
{0}: Options required for Link or Table type field {1} in row {2},{0}: {1} sahəsi üçün Link və ya Cədvəl tipi sahəsi {2} sətrində seçimlər tələb olunur,
{0}: Options {1} must be the same as doctype name {2} for the field {3},{0}: Seçimlər {1} {3} sahəsi üçün {2} docType adı ilə eyni olmalıdır,
{0}:Fieldtype {1} for {2} cannot be indexed,{0}: {2} üçün {1} sahə tipi indekslənə bilməz,
Make {0},{0} et,
A user who posts blogs.,Bloq yazıları paylaşan istifadəçi.,
Applying: {0},Tətbiq edilir: {0},
Fieldname {0} is restricted,Sahə adı {0} məhdudlaşdırılıb,
Is Optional State,İstəyə bağlı Vəziyyət,
No values to show,Göstəriləcək dəyərlər yoxdur,
View Ref,Baxış İstinadı,
Workflow Action is not created for optional states,İş Axını Fəaliyyəti istəyə bağlı vəziyyətlər üçün yaradılmayıb,
{0} values selected,{0} dəyərləri seçilib,
"amended_from" field must be present to do an amendment.,"Dəyişdirilmiş" sahəsi dəyişiklik etmək üçün mövcud olmalıdır.,
(Mandatory),(Məcburi),
1 Google Calendar Event synced.,1 Google Təqvim Hadisəsi senkronizasiya edildi.,
1 record will be exported,1 qeyd ixrac ediləcək,
1 week ago,1 həftə əvvəl,
5 Records,5 Qeyd,
A recurring {0} {1} has been created for you via Auto Repeat {2}.,Sizin üçün Avtomatik Təkrarlama {2} vasitəsilə təkrarlanan {0} {1} yaradılıb.,
API,API,
API Method,API Metodu,
About {0} minute remaining,Təxminən {0} dəqiqə qalıb,
About {0} minutes remaining,Təxminən {0} dəqiqə qalıb,
About {0} seconds remaining,Təxminən {0} saniyə qalıb,
Access Log,Giriş Logu,
Access not allowed from this IP Address,Bu IP ünvanından girişə icazə verilmir,
Action Type,Fəaliyyət Növü,
Activity Log by,Fəaliyyət Logu tərəfindən,
Add Fields,Sahələri əlavə et,
Administration,İdarəetmə,
After Cancel,Ləğv edildikdən sonra,
After Delete,Silindikdən sonra,
After Save,Saxlandıqdan sonra,
After Save (Submitted Document),Saxlandıqdan sonra (Təqdim edilmiş sənəd),
After Submit,Təqdim edildikdən sonra,
Aggregate Function Based On,Toplama Funksiyası əsasında,
Aggregate Function field is required to create a dashboard chart,Toplama Funksiyası sahəsi bir panel qrafiki yaratmaq üçün tələb olunur,
All Records,Bütün qeydlər,
Allot Points To Assigned Users,Təyin olunmuş istifadəçilərə ballar ayır,
Allow Auto Repeat,Avtomatik təkrarı icazə ver,
Allow Google Calendar Access,Google Təqvimə girişə icazə ver,
Allow Google Contacts Access,Google Kontaktlarına girişə icazə ver,
Allow Google Drive Access,Google Drive-a girişə icazə ver,
Allow Guest,Qonağa icazə ver,
Allow Guests to Upload Files,Qonaqlara fayl yükləməyə icazə ver,
Also adding the status dependency field {0},Həmçinin status asılılığı sahəsini əlavə edir {0},
An error occurred while setting Session Defaults,Sessiya Defoltlarını təyin edərkən xəta baş verdi,
Annual,İllik,
Append Emails to Sent Folder,Göndərilmiş Qovluğa e-poçtları əlavə et,
Apply Assignment Rule,Təyinat Qaydası tətbiq et,
Apply Only Once,Yalnız bir dəfə tətbiq et,
Apply this rule only once per document,Bu qaydanı hər sənəd üçün yalnız bir dəfə tətbiq et,
Approval Required,Təsdiq tələb olunur,
Approved,Təsdiq edildi,
Are you sure you want to delete all rows?,Bütün sətirləri silmək istədiyinizə əminsiniz?,
Are you sure you want to delete this post?,Bu postu silmək istədiyinizə əminsiniz?,
Are you sure you want to merge {0} with {1}?,{0} ilə {1} birləşdirmək istədiyinizə əminsiniz?,
Assignment Day {0} has been repeated.,Təyinat Günü {0} təkrarlanıb.,
Assignment Days,Təyinat Günləri,
Assignment Rule Day,Təyinat Qaydasının Günü,
Assignments,Təyinatlar,
Attach a web link,Veb link əlavə et,
Authorize Google Calendar Access,Google Təqvimə girişə icazə ver,
Authorize Google Contacts Access,Google Kontaktlarına girişə icazə ver,
Authorize Google Drive Access,Google Drive-a girişə icazə ver,
Auto Repeat Document Creation Failed,Avtomatik Təkrarlama Sənədinin Yaradılması Baş tutmadı,
Auto Repeat Document Creation Failure,Avtomatik Təkrarlama Sənədinin Yaradılması Xətası,
Auto Repeat created for this document,Bu sənəd üçün Avtomatik Təkrarlama yaradıldı,
Auto Repeat failed for {0},{0} üçün Avtomatik Təkrarlama baş tutmadı,
Automatic Linking can be activated only for one Email Account.,Avtomatik Bağlantı yalnız bir E-poçt Hesabı üçün aktivləşdirilə bilər.,
Automatic Linking can be activated only if Incoming is enabled.,Avtomatik Bağlantı yalnız Gələn aktiv olduqda aktivləşdirilə bilər.,
Automatically generates recurring documents.,Təkrarlanan sənədləri avtomatik olaraq yaradır.,
Backing up to Google Drive.,Google Drive-a ehtiyat nüsxə götürülür.,
Backup Folder ID,Ehtiyat Qovluq ID-si,
Backup Folder Name,Ehtiyat Qovluq Adı,
Before Cancel,Ləğv edilmədən əvvəl,
Before Delete,Silinmədən əvvəl,
Before Insert,Daxil edilmədən əvvəl,
Before Save,Saxlanmadan əvvəl,
Before Save (Submitted Document),Saxlanmadan əvvəl (Təqdim edilmiş sənəd),
Before Submit,Göndərmədən əvvəl,
Blank Template,Boş Şablon,
Callback URL,Geri Çağırma URL-i,
Cancel All Documents,Bütün Sənədləri Ləğv Et,
Cancelling documents,Sənədləri Ləğv Etmək,
Cannot match column {0} with any field,Sütun {0}-ı heç bir sahə ilə uyğunlaşdırmaq mümkün deyil,
Change,Dəyiş,
Change User,İstifadəçini Dəyiş,
Check the Error Log for more information: {0},Daha çox məlumat üçün Xəta Jurnalını yoxlayın: {0},
Clear Cache and Reload,Keşi Təmizlə və Yenidən Yüklə,
Clear Filters,Filtrləri Təmizlə,
Click on <b>Authorize Google Drive Access</b> to authorize Google Drive Access.,Google Drive Girişini təsdiqləmək üçün <b>Google Drive Girişini Təsdiqlə</b> düyməsini basın.,
Click on a file to select it.,Bir fayla seçmək üçün basın.,
Click on the link below to approve the request,Tələbi təsdiqləmək üçün aşağıdakı linkə basın,
Click on the lock icon to toggle public/private,İctimai/Şəxsi keçidini dəyişmək üçün kilid ikonuna basın,
Click on {0} to generate Refresh Token.,Refresh Token yaratmaq üçün {0}-a basın.,
Close Condition,Şərti Bağla,
Columns / Fields,Sütunlar / Sahələr,
"Configure notifications for mentions, assignments, energy points and more.","İstinadlar, təyinatlar, enerji balları və daha çox üçün bildirişləri konfiqurasiya edin.",
Contact Email,Əlaqə E-poçtu,
Contact Numbers,Əlaqə Nömrələri,
Contact Phone,Əlaqə Telefonu,
Contact Synced with Google Contacts.,Google Kontaktları ilə Senkronizasiya edilmiş Əlaqə.,
Context,Kontekst,
Contribute Translations,Tərcümələrə Töhfə Ver,
Contributed,Töhfə Verildi,
Controller method get_razorpay_order missing,Controller metodu get_razorpay_order itir,
Copied to clipboard.,Panoya kopyalandı.,
Core Modules {0} cannot be searched in Global Search.,Köklü Modullar {0} Qlobal Axtarışda axtarış edilə bilmir.,
Could not create Razorpay order. Please contact Administrator,Razorpay sifarişi yarada bilmədi. Zəhmət olmasa Administratorla əlaqə saxlayın,
Could not create razorpay order,razorpay sifarişi yarada bilmədi,
Create Log,Jurnal Yarat,
Create your first {0},İlk {0}-nizi yaradın,
Created {0} records successfully.,{0} qeydləri uğurla yaradıldı.,
Cron Format,Cron Formatı,
Daily Events should finish on the Same Day.,Gündəlik Hadisələr Eyni Gündə bitməlidir.,
Daily Long,Gündəlik Uzun,
Default Role on Creation,Yaradılarkən Default Rol,
Default Theme,Default Tema,
Default {0},Default {0},
Delete All,Hamısını Sil,
Do you want to cancel all linked documents?,Bütün bağlı sənədləri ləğv etmək istəyirsinizmi?,
DocType Action,DocType Fəaliyyəti,
DocType Event,DocType Hadisəsi,
DocType Link,DocType Bağlantısı,
Document Share,Sənəd Paylaş,
Document Tag,Sənəd Etiketi,
Document Title,Sənəd Başlığı,
Document Type Field Mapping,Sənəd Növü Sahə Xəritəsi,
Document Type Mapping,Sənəd Növü Xəritəsi,
Document Type {0} has been repeated.,Sənəd Növü {0} təkrarlanıb.,
Document renamed from {0} to {1},Sənəd {0}-dan {1}-ə adlandırıldı,
Document type is required to create a dashboard chart,Dashboard qrafiki yaratmaq üçün sənəd növü tələb olunur,
Documentation Link,Sənədləşdirmə Linki,
Don't Import,İdxal Etməyin,
Don't Send Emails,E-poçt Göndərməyin,
"Drag and drop files,","Faylları sürükləyin və buraxın,",
Drop,Burax,
Drop Here,Buraya Burax,
Drop files here,Buraxma faylları bura,
Dynamic Template,Dinamik Şablon,
ERPNext Role,ERPNext Rolü,
Email / Notifications,Email / Bildirişlər,
Email Account setup please enter your password for: {0},Email Hesabı qurulması üçün şifrənizi daxil edin: {0},
Email Address whose Google Contacts are to be synced.,Sinxronizasiya ediləcək Google Kontaktlarının Email Ünvanı.,
"Email ID must be unique, Email Account already exists for {0}","Email ID unikal olmalıdır, {0} üçün Email Hesabı artıq mövcuddur",
Email IDs,Email ID-ləri,
Enable Allow Auto Repeat for the doctype {0} in Customize Form,Düzəliş Formasında {0} doctype üçün Avtomatik Təkrarı İcazə Ver,
Enable Automatic Linking in Documents,Sənədlərdə Avtomatik Bağlantını İcazə Ver,
Enable Email Notifications,Email Bildirişlərini İcazə Ver,
Enable Google API in Google Settings.,Google Parametrlərində Google API-ni İcazə Ver.,
Enable Security,Təhlükəsizliyi İcazə Ver,
Energy Point,Enerji Nöqtəsi,
Enter Client Id and Client Secret in Google Settings.,Google Parametrlərində Müştəri ID və Müştəri Gizli Daxil edin.,
Enter Code displayed in OTP App.,OTP Tətbiqində göstərilən Kodu daxil edin.,
Event Configurations,Hadisə Konfiqurasiyaları,
Event Consumer,Hadisə İstehlakçısı,
Event Consumer Document Type,Hadisə İstehlakçısı Sənəd Növü,
Event Consumer Document Types,Hadisə İstehlakçısı Sənəd Növləri,
Event Producer,Hadisə İstehsalçısı,
Event Producer Document Type,Hadisə İstehsalçısı Sənəd Növü,
Event Producer Document Types,Hadisə İstehsalçısı Sənəd Növləri,
Event Streaming,Hadisə Yayımı,
Event Subscriber,Hadisə Abunəsi,
Event Sync Log,Hadisə Sinxronizasiya Günü,
Event Synced with Google Calendar.,Hadisə Google Təqvimi ilə Sinxronizasiya Olundu.,
Event Update Log,Hadisə Yeniləmə Günü,
Export 1 record,1 qeydi ixrac et,
Export Errored Rows,Xətalı Sətirləri ixrac et,
Export From,Nəhayət,
Export Type,İxrac Növü,
Export {0} records,{0} qeydlərini ixrac et,
Failed to connect to the Event Producer site. Retry after some time.,Hadisə İstehsalçısı saytına qoşulmaqda uğursuz oldu. Bir az sonra yenidən cəhd edin.,
Failed to create an Event Consumer or an Event Consumer for the current site is already registered.,Hadisə İstehlakçısını yaratmaqda uğursuz oldu və ya cari sayt üçün artıq bir Hadisə İstehlakçısı qeydiyyatdan keçmişdir.,
Failure,Uğursuzluq,
Fetching default Global Search documents.,Default Qlobal Axtarış sənədlərini əldə etmək.,
Fetching posts...,Postlar əldə edilir...,
Field To Check,Yoxlanılacaq Sahə,
File Information,Fayl Məlumatı,
Filter By,Filtrə görə,
Filtered Records,Filtrlenmiş Qeydlər,
Filters applied for {0},{0} üçün tətbiq olunan Filtrlər,
Finished,Bitdi,
First,Birinci,
For Document Event,Sənəd Hadisəsi üçün,
"For more information, <a class="text-muted" href="https://erpnext.com/docs/user/manual/en/setting-up/email/linking-emails-to-document">click here</a>.","Daha ətraflı məlumat üçün <a class="text-muted" href="https://erpnext.com/docs/user/manual/en/setting-up/email/linking-emails-to-document">buraya klikləyin</a>.",
"For more information, {0}.","Daha ətraflı məlumat üçün, {0}.",
"For performance, only the first 100 rows were processed.","Performans üçün yalnız ilk 100 sətir işlənmişdir.",
Form URL-Encoded,Forma URL-Şifrələnmiş,
Frequently Visited Links,Tez-tez Ziyarət Edilən Bağlantılar,
From Date,Tarixdən,
From User,İstifadəçidən,
Global Search DocType,Qlobal Axtarış Doktipi,
Global Search Document Types Reset.,Qlobal Axtarış Sənəd Növləri Sıfırlanır.,
Global Search Settings,Qlobal Axtarış Parametrləri,
Global Shortcuts,Qlobal Qısa Yollar,
Go,Get,
Go to next record,Növbəti qeydə keç,
Go to previous record,Əvvəlki qeydə keç,
Google API Settings.,Google API Parametrləri.,
Google Calendar,Google Təqvimi,
"Google Calendar - Could not create Calendar for {0}, error code {1}.","Google Təqvimi - {0} üçün Təqvim yaradıla bilmədi, səhv kodu {1}.",
"Google Calendar - Could not delete Event {0} from Google Calendar, error code {1}.","Google Təqvimi - Google Təqvimindən {0} hadisəsini silmək mümkün olmadı, səhv kodu {1}.",
"Google Calendar - Could not fetch event from Google Calendar, error code {0}.","Google Təqvimi - Google Təqvimindən hadisəni əldə etmək mümkün olmadı, səhv kodu {0}.",
"Google Calendar - Could not insert contact in Google Contacts {0}, error code {1}.","Google Təqvimi - Google Kontaktlarında {0} əlaqəni əlavə etmək mümkün olmadı, səhv kodu {1}.",
"Google Calendar - Could not insert event in Google Calendar {0}, error code {1}.","Google Təqvimi - Google Təqvimində {0} hadisəsini əlavə etmək mümkün olmadı, səhv kodu {1}.",
"Google Calendar - Could not update Event {0} in Google Calendar, error code {1}.","Google Təqvimi - Google Təqvimində {0} hadisəsini yeniləmək mümkün olmadı, səhv kodu {1}.",
Google Calendar Event ID,Google Təqvimi Hadisə ID,
Google Calendar Integration.,Google Təqvimi İnteqrasiyası.,
Google Calendar has been configured.,Google Təqvimi konfiqurasiya edilib.,
Google Contacts,Google Kontaktlar,
"Google Contacts - Could not sync contacts from Google Contacts {0}, error code {1}.","Google Kontaktlar - Google Kontaktlarından {0} əlaqələri senkronizasiya etmək mümkün olmadı, səhv kodu {1}.",
"Google Contacts - Could not update contact in Google Contacts {0}, error code {1}.","Google Kontaktlar - Google Kontaktlarında {0} əlaqəni yeniləmək mümkün olmadı, səhv kodu {1}.",
Google Contacts Id,Google Kontaktlar ID,
Google Contacts Integration is disabled.,Google Kontaktlar İnteqrasiyası deaktiv edilib.,
Google Contacts Integration.,Google Kontaktlar İnteqrasiyası.,
Google Contacts has been configured.,Google Kontaktlar konfiqurasiya edilib.,
Google Drive,Google Drive,
Google Drive - Could not create folder in Google Drive - Error Code {0},Google Drive - Google Drive-da qovluq yaradıla bilmədi - Səhv Kodu {0},
Google Drive - Could not find folder in Google Drive - Error Code {0},Google Drive - Google Drive-da qovluğu tapmaq mümkün olmadı - Səhv Kodu {0},
Google Drive Backup Successful.,Google Drive Yedəklənməsi Uğurlu.,
Google Drive Backup.,Google Drive Yedəklənməsi.,
Google Drive Integration.,Google Drive İnteqrasiyası.,
Google Drive has been configured.,Google Drive konfiqurasiya edilib.,
Google Integration is disabled.,Google İnteqrasiyası deaktiv edilib.,
Google Settings,Google Parametrləri,
Group By,Qrupla,
Group By Based On,Qrupla Əsasən,
Group By Type,Qrupla Növ,
Group By field is required to create a dashboard chart,"Qrup üzrə sahə, bir panel qrafiki yaratmaq üçün tələb olunur",
HTML Page,HTML Səhifəsi,
Has Mapping,Xəritələmə var,
Hourly Long,Saatlıq Uzun,
"If non-standard port (e.g. POP3: 995/110, IMAP: 993/143)","Əgər qeyri-standart port varsa (məsələn, POP3: 995/110, IMAP: 993/143)",
If the document has different field names on the Producer and Consumer's end check this and set up the Mapping,"Əgər sənədin istehsalçı və istehlakçı tərəfində fərqli sahə adları varsa, bunu yoxlayın və Xəritələməni qurun",
If this is checked the documents will have the same name as they have on the Event Producer's site,"Əgər bu yoxlanılırsa, sənədlər Hadisə İstehsalçısının saytında olduğu adla eyni olacaq",
Illegal SQL Query,Qanunsuz SQL Sorğusu,
Import File,İdxal Faylı,
Import Log Preview,İdxal Giriş Önizləməsi,
Import Preview,İdxal Önizləməsi,
Import Progress,İdxal Proqresi,
Import Type,İdxal Növü,
Import Warnings,İdxal Xəbərləri,
"Import template should be of type .csv, .xlsx or .xls","İdxal şablonu .csv, .xlsx və ya .xls tipində olmalıdır",
Import template should contain a Header and atleast one row.,İdxal şablonu Başlıq və ən azı bir sətir içerməlidir.,
Importing {0} of {1},İdxal ediliyor {0} {1}-dən,
"Importing {0} of {1}, {2}","İdxal ediliyor {0} {1}-dən, {2}",
Include indentation,İndentasiya daxil edin,
Incoming Change,Gələn Dəyişiklik,
Invalid Filter Value,Yanlış Filtr Dəyəri,
Invalid URL,Yanlış URL,
Invalid field name: {0},Yanlış sahə adı: {0},
Invalid file URL. Please contact System Administrator.,Yanlış fayl URL-si. Zəhmət olmasa Sistem Administratoru ilə əlaqə saxlayın.,
Invalid include path,Yanlış daxil olma yolu,
Invalid username or password,Yanlış istifadəçi adı və ya şifrə,
Is Primary,Əsasdır,
Is Primary Mobile,Əsas Mobildir,
Is Primary Phone,Əsas Telefondur,
Is Tree,Ağacdır,
JSON Request Body,JSON Sorğu Bədəni,
Javascript is disabled on your browser,Brauzerinizdə Javascript deaktivdir,
Job,İş,
Jump to field,Sahəyə keçid,
Keyboard Shortcuts,Klaviatura Qısa Yolları,
LDAP Group,LDAP Qrupu,
LDAP Group Field,LDAP Qrupu Sahəsi,
LDAP Group Mapping,LDAP Qrupu Xəritələməsi,
LDAP Group Mappings,LDAP Qrupu Xəritələmələri,
LDAP Last Name Field,LDAP Soyadı Sahəsi,
LDAP Middle Name Field,LDAP Orta Ad Sahəsi,
LDAP Mobile Field,LDAP Mobil Sahəsi,
LDAP Phone Field,LDAP Telefon Sahəsi,
LDAP User Creation and Mapping,LDAP İstifadəçi Yaratma və Xəritələmə,
Landscape,Landşaft,
Last,Son,
Last Backup On,Son Yedəkləmə Tarixi,
Last Execution,Son İcra,
Last Sync On,Son Sinkronizasiya Tarixi,
Last Update,Son Yeniləmə,
Last refreshed,Son yeniləndi,
Link Document Type,Bağlantı Sənəd Növü,
Link Fieldname,Bağlantı Sahə adı,
Loading import file...,İdxal faylı yüklənir...,
Local Document Type,Yerli Sənəd Növü,
Log Data,Giriş Məlumatı,
Main Section (HTML),Əsas Bölmə (HTML),
Main Section (Markdown),Əsas Bölmə (Markdown),
"Maintains a Log of all inserts, updates and deletions on Event Producer site for documents that have consumers.","Hadisə İstehsalçısı saytında istehlakçıları olan sənədlər üzrə bütün əlavə etmələr, yeniləmələr və silinmələr üçün bir Giriş saxlayır.",
Maintains a log of every event consumed along with the status of the sync and a Resync button in case sync fails.,"Hər bir hadisəni istehlak olunan logda saxlayır, sinxronizasiya statusu ilə birlikdə və sinxronizasiya uğursuz olarsa Resync düyməsi var.",
Make all attachments private,Bütün əlavələri özəl edin,
Mandatory Depends On,Məcburi Asılıdır,
Map Columns,Sütunları Xəritələşdir,
Map columns from {0} to fields in {1},{0} sütunlarını {1} sahələrinə xəritələşdir,
Mapping column {0} to field {1},{0} sütununu {1} sahəsinə xəritələşdirmək,
Mark all as Read,Hamısını Oxunmuş kimi işarələyin,
Maximum Points,Maksimum Ballar,
Maximum points allowed after multiplying points with the multiplier value\n(Note: For no limit leave this field empty or set 0),Çarpan dəyəri ilə balları çarptıqdan sonra icazə verilən maksimum ballar\n(Qeyd: Limit olmaması üçün bu sahəni boş buraxın və ya 0 qoyun),
Me,Mən,
Mention,İstinad,
Modules,Modullar,
Monthly Long,Aylıq Uzun,
Naming Series,Adlandırma Seriyası,
Navigate Home,Ana səhifəyə keçin,
Navigate list down,Siyahını aşağıya keçin,
Navigate list up,Siyahını yuxarıya keçin,
New Notification,Yeni Bildiriş,
New {0}: {1},Yeni {0}: {1},
Newsletter should have atleast one recipient,Bülleten ən azı bir alıcıya sahib olmalıdır,
No Events Today,Bugün Heç Bir Hadisə Yoxdur,
No Google Calendar Event to sync.,Sinxronizasiya üçün heç bir Google Təqvimi Hadisəsi yoxdur.,
No More Activity,Daha çox Fəaliyyət Yoxdur,
No Name Specified for {0},{0} üçün Ad Təqdim Olunmayıb,
No Upcoming Events,Gözlənilən Heç Bir Hadisə Yoxdur,
No activity,Heç bir fəaliyyət yoxdur,
No conditions provided,Heç bir şərt təqdim edilməyib,
No contacts linked to document,Sənədə heç bir əlaqəli əlaqə yoxdur,
No data to export,İxrac ediləcək heç bir məlumat yoxdur,
No documents found tagged with {0},{0} ilə işarələnmiş heç bir sənəd tapılmadı,
No failed logs,Heç bir uğursuz log yoxdur,
No filters found,Heç bir filtr tapılmadı,
No more items to display,Göstəriləcək daha çox maddə yoxdur,
No more posts,Daha çox paylaşım yoxdur,
No new Google Contacts synced.,Heç bir yeni Google Əlaqə sinxronizasiya edilmədi.,
No pending or current jobs for this site,Bu sayt üçün gözləyən və ya cari iş yoxdur,
No posts yet,Hələ paylaşım yoxdur,
No records will be exported,Heç bir qeyd ixrac edilməyəcək,
No results found for {0} in Global Search,Qlobal Axtarışda {0} üçün heç bir nəticə tapılmadı,
No user found,Heç bir istifadəçi tapılmadı,
Notification Log,Bildiriş Logu,
Notification Settings,Bildiriş Parametrləri,
Notification Subscribed Document,Bildiriş Abunə Olunan Sənəd,
Notifications Disabled,Bildirişlər Bağlıdır,
Number of Groups,Qrupların Sayı,
OAuth Client ID,OAuth Müştəri ID,
OTP setup using OTP App was not completed. Please contact Administrator.,OTP Tətbiqi istifadə edərək OTP quraşdırılması tamamlanmadı. Zəhmət olmasa Administratorla əlaqə saxlayın.,
Only one {0} can be set as primary.,Yalnız bir {0} əsas kimi təyin edilə bilər.,
Open Awesomebar,Awesomebar-ı açın,
Open Chat,Çatı açın,
Open Documents,Sənədləri açın,
Open Help,Yardımı açın,
Open Settings,Parametrləri açın,
Open list item,Siyahı maddəsini açın,
Organizational Unit for Users,İstifadəçilər üçün Təşkilati Bölmə,
Page Shortcuts,Səhifə Qısa Yolları,
Parent Field (Tree),Ana Saha (Ağac),
Parent Field must be a valid fieldname,Ana Saha etibarlı bir sahə adı olmalıdır,
Pin Globally,Ümumi olaraq Pindən,
Places,Məkanlar,
Please check the filter values set for Dashboard Chart: {},"Lütfən, Dashboard Chart üçün təyin edilmiş filtr dəyərlərini yoxlayın: {}",
Please enable pop-ups in your browser,"Lütfən, brauzerinizdə pop-up-ları aktiv edin",
Please find attached {0}: {1},"Zəhmət olmasa, əlavə edilmiş {0}: {1} tapın",
Please select applicable Doctypes,"Zəhmət olmasa, tətbiq olunan Doctypes-i seçin",
Portrait,Portret,
Press Alt Key to trigger additional shortcuts in Menu and Sidebar,Menyu və Yan Paneldə əlavə qısa yolları işə salmaq üçün Alt düyməsini basın,
Print Settings...,Çap Parametrləri...,
Producer Document Name,İstehsalçı Sənədinin Adı,
Producer URL,İstehsalçı URL,
Property Depends On,Mülk Asılıdır,
Pull from Google Calendar,Google Təqvimindən çəkmək,
Pull from Google Contacts,Google Kontaktlarından çəkmək,
Pulled from Google Calendar,Google Təqvimindən çəkildi,
Pulled from Google Contacts,Google Kontaktlarından çəkildi,
Push to Google Calendar,Google Təqviminə itələmək,
Push to Google Contacts,Google Kontaktlarına itələmək,
Queue / Worker,Sıra / İşçi,
RAW Information Log,RAW Məlumat Jurnalı,
Raw Printing Settings...,Xam Çap Parametrləri...,
Read Only Depends On,Yalnız Oxumaq Asılıdır,
Recent Activity,Son Fəaliyyət,
Reference document has been cancelled,İstinad sənədi ləğv edilib,
Reload File,Faylı Yenidən Yüklə,
Remote Document Type,Uzaq Sənəd Növü,
"Renamed files and replaced code in controllers, please check!","Fayllar adlandırıldı və kontrollerlərdə kod dəyişdirildi, zəhmət olmasa yoxlayın!",
Repeat on Last Day of the Month,Ayın Son Günündə Təkrarla,
Repeats {0},Təkrarlamalar {0},
Report Information,Hesabat Məlumatı,
Report with more than 10 columns looks better in Landscape mode.,10-dan çox sütun olan hesabatlar Landşaft rejimində daha yaxşı görünür.,
Request Structure,Tələb Struktur,
Restricted,Məhdudlaşdırılmış,
Restrictions,Məhdudiyyətlər,
Resync,Yenidən Sinxronizasiya,
Row Number,Sıra Nömrəsi,
Row {0},Sıra {0},
Run Jobs only Daily if Inactive For (Days),"İşləri yalnız Gündəlik işlədin, əgər (Günlər) üçün Aktiv Değil",
SMS was not sent. Please contact Administrator.,"SMS göndərilmədi. Zəhmət olmasa, Administratorla əlaqə saxlayın.",
Saved Successfully,Uğurla Saxlandı,
Scheduled Job,Cədvəl İş,
Scheduled Job Log,Cədvəl İş Jurnalı,
Scheduled Job Type,Cədvəl İş Növü,
Scheduler Inactive,Cədvəl Aktiv Değil,
Scheduler is inactive. Cannot import data.,Cədvəl aktiv deyil. Məlumat idxal edilə bilmir.,
Script Manager,Skripti İdarəetmə,
Script Type,Skript Növü,
Search Priorities,Axtarış Prioritetləri,
Search Source Text,Axtarış Mətnini,
Search by filename or extension,Fayl adı və ya uzantı ilə axtarış,
Select Date Range,Tarix Aralığını Seçin,
Select Field,Sahəni Seçin,
Select Field...,Sahəni Seçin...,
Select Filters,Filtrləri Seçin,
Edit Filters,Filtrləri Redaktə Et,
Select Google Calendar to which event should be synced.,Hansı hadisənin sinxronlaşdırılmalı olduğu Google Təqvimini seçin.,
Select Google Contacts to which contact should be synced.,Hansı əlaqənin sinxronlaşdırılmalı olduğu Google Kontaktlarını seçin.,
Select Group By...,Qrupla Seçin...,
Select Mandatory,Məcburi Seçin,
Select atleast 2 actions,Ən az 2 əməliyyatı seçin,
Select list item,Siyahı maddəsini seçin,
Select multiple list items,Çoxlu siyahı maddələrini seçin,
Send an email to {0} to link it here,{0} ünvanına burada bağlantı göndərin,
Server Action,Server Əməliyyatı,
Server Script,Server Skripti,
Session Default,Seans Varsayılan,
Session Default Settings,Seans Varsayılan Parametrləri,
Session Defaults,Seans Varsayılanları,
Session Defaults Saved,Seans Varsayılanları Saxlanıldı,
Set as Default Theme,Varsayılan Tema Kimi Təyin Et,
Setting up Global Search documents.,Qlobal Axtarış sənədlərini qurmaq.,
Show Document,Sənədi Göstər,
Show Failed Logs,Uğursuz Girişləri Göstər,
Show Keyboard Shortcuts,Klaviatura Qısa Yollarını Göstər,
Show More Activity,Daha Çox Fəaliyyəti Göstər,
Show Traceback,İzləmə Göstər,
Show Warnings,Xəbərdarlıqları Göstər,
Showing only first {0} rows out of {1},Yalnız {1} içindən ilk {0} sətirini göstərir,
"Simple Python Expression, Example: Status in (""Invalid"")","Sadə Python İfadəsi, Nümunə: Status in (""Keçərsiz"")",
Skipping Untitled Column,Adı Olmayan Sütunu Atlayır,
Skipping column {0},Sütunu atlayır {0},
Social Home,Sosial Ev,
Some columns might get cut off when printing to PDF. Try to keep number of columns under 10.,PDF-yə çap edərkən bəzi sütunlar kəsilə bilər. Sütunların sayını 10-dan aşağı saxlamağa çalışın.,
Something went wrong during the token generation. Click on {0} to generate a new one.,Token yaradılarkən bir şey səhv oldu. Yeni birini yaratmaq üçün {0} üzərinə klikləyin.,
Submit After Import,İdxaldan Sonra Göndər,
Submitting...,Göndərilir...,
Success! You are good to go 👍,Uğur! Getməyə hazırsınız 👍,
Successful Transactions,Uğurlu Əməliyyatlar,
Successfully Submitted!,Uğurla Göndərildi!,
Successfully imported {0} record.,Uğurla {0} qeydi idxal edildi.,
Successfully imported {0} records.,Uğurla {0} qeydləri idxal edildi.,
Successfully updated {0} record.,Uğurla {0} qeydi yeniləndi.,
Successfully updated {0} records.,Uğurla {0} qeydləri yeniləndi.,
Sync Calendar,Təqvimi Senkronlaşdır,
Sync Contacts,Əlaqələri Senkronlaşdır,
Sync with Google Calendar,Google Təqvimi ilə Senkronlaşdır,
Sync with Google Contacts,Google Əlaqələri ilə Senkronlaşdır,
Synced,Senkronlaşdırıldı,
Syncing,Senkronlaşdırılır,
Syncing {0} of {1},{0} {1} -dən Senkronlaşdırılır,
Tag Link,Etiket Bağlantısı,
Take Backup,Ehtiyat Nüsxəsini Al,
Template Error,Şablon Xətası,
Template Options,Şablon Seçimləri,
Template Warnings,Şablon Xəbərdarlıqları,
The Auto Repeat for this document has been disabled.,Bu sənəd üçün Avtomatik Təkrarlama deaktiv edilib.,
The following records needs to be created before we can import your file.,Sizin faylınızı idxal etmədən əvvəl yaradılması lazım olan qeydlər.,
The mapping configuration between two doctypes.,İki sənəd növü arasındakı xəritə konfiqurasiyası.,
The site which is consuming your events.,Hadisələrinizi istehlak edən sayt.,
The site you want to subscribe to for consuming events.,Hadisələri istehlak etmək üçün abunə olmaq istədiyiniz sayt.,
The webhook will be triggered if this expression is true,Bu ifadə doğru olduqda webhook işə düşəcək,
The {0} is already on auto repeat {1},{0} artıq avtomatik təkrarlama {1} -dadır,
There are some linked records which needs to be created before we can import your file. Do you want to create the following missing records automatically?,"Bəzi əlaqəli qeydlərin yaradılması lazımdır ki, biz sizin faylınızı idxal edə bilək. Aşağıda göstərilən itkin qeydləri avtomatik yaratmaq istəyirsinizmi?",
There should be atleast one row for the following tables: {0},Aşağıdakı cədvəllər üçün ən azı bir sətir olmalıdır: {0},
There should be atleast one row for {0} table,{0} cədvəli üçün ən azı bir sətir olmalıdır,
This action is only allowed for {},Bu əməliyyat yalnız {} üçün icazə verilir,
This cannot be undone,Bu geri alına bilməz,
Time Format,Zaman Formatı,
Time series based on is required to create a dashboard chart,Bir dashboard qrafiki yaratmaq üçün zaman seriyası tələb olunur,
Time {0} must be in format: {1},Zaman {0} formatda olmalıdır: {1},
"To configure Auto Repeat, enable "Allow Auto Repeat" from {0}.","Avtomatik Təkrarı konfiqurasiya etmək üçün {0} bölməsindən "Avtomatik Təkrara İcazə Ver" seçimini aktivləşdirin.",
To enable it follow the instructions in the following link: {0},Bunu aktivləşdirmək üçün aşağıdakı bağlantıdakı təlimatları izləyin: {0},
"To use Google Calendar, enable {0}.","Google Calendar istifadə etmək üçün {0} aktivləşdirin.",
"To use Google Contacts, enable {0}.","Google Contacts istifadə etmək üçün {0} aktivləşdirin.",
"To use Google Drive, enable {0}.","Google Drive istifadə etmək üçün {0} aktivləşdirin.",
Today's Events,Bugünkü Tədbirlər,
Toggle Public/Private,İctimai/Şəxsi dəyişdir,
Tracks milestones on the lifecycle of a document if it undergoes multiple stages.,Müxtəlif mərhələlərdən keçən sənədin həyat dövründəki mühüm hadisələri izləyir.,
Tree structures are implemented using Nested Set,Ağac strukturları Nested Set istifadə edilərək həyata keçirilir,
Trigger Primary Action,Əsas Fəaliyyəti Başlat,
URL for documentation or help,Sənəd və ya kömək üçün URL,
Unchanged,Dəyişməz,
Unpin,Çıxarma,
Untitled Column,Adı olmayan Sütun,
Untranslated,Tərcümə edilməmiş,
Upcoming Events,Gələcək Tədbirlər,
Update Existing Records,Mövcud Qeydləri Yeniləyin,
Updated To A New Version 🎉,Yeni Versiyaya Yeniləndi 🎉,
"Updating {0} of {1}, {2}","{1}, {2} içində {0} yeniləyir",
Upload file,Faylı yükləyin,
Upload {0} files,{0} fayllarını yükləyin,
Uploaded To Google Drive,Google Drive-a yükləndi,
Uploaded successfully,Uğurla yükləndi,
Uploading {0} of {1},{1} içində {0} yüklənir,
Use SSL for Outgoing,Çıxan üçün SSL istifadə edin,
Use Same Name,Eyni Adı istifadə edin,
Used For Google Maps Integration.,Google Maps integrasiyası üçün istifadə edilmişdir.,
User ID Property,İstifadəçi ID Xüsusiyyəti,
User Profile,İstifadəçi Profili,
User Settings,İstifadəçi Parametrləri,
User does not exist,İstifadəçi mövcud deyil,
User {0} has requested for data deletion,İstifadəçi {0} məlumat silinməsi üçün müraciət edib,
Users assigned to the reference document will get points.,İstinad sənədinə təyin olunan istifadəçilər xal alacaqlar.,
Value must be one of {0},Dəyər {0} -dan biri olmalıdır,
Value {0} missing for {1},{1} üçün dəyər {0} itkin,
Verification,Təsdiq,
Verification Code,Təsdiq Kodu,
Verification code email not sent. Please contact Administrator.,"Təsdiq kodu e-poçtu göndərilmədi. Zəhmət olmasa, Administratorla əlaqə saxlayın.",
Verified,Təsdiq edildi,
Verifier,Təsdiq edən,
View Full Log,Tam Girişə Bax,
"View Log of all print, download and export events","Bütün çap, yükləmə və ixrac hadisələrinin girişinə bax",
Visit Web Page,Veb Səhifəsinə Keç,
Webhook Secret,Webhook Gizli,
Webhook Security,Webhook Təhlükəsizliyi,
Webhook Trigger,Webhook Tetikleyici,
Weekly Long,Həftəlik Uzun,
"When enabled this will allow guests to upload files to your application, You can enable this if you wish to collect files from user without having them to log in, for example in job applications web form.","Bu aktiv edildikdə qonaqlara tətbiqinizə fayllar yükləməyə icazə verəcək. İstəsəniz, istifadəçilərdən giriş etmədən faylları toplamaq üçün bunu aktiv edə bilərsiniz, məsələn, iş müraciətləri veb formasında.",
Will run scheduled jobs only once a day for inactive sites. Default 4 days if set to 0.,Planlaşdırılmış işlər yalnız gündə bir dəfə qeyri-aktiv saytlar üçün işləyəcək. 0-a təyin edildikdə standart 4 gündür.,
Workflow Status,İş Axını Statusu,
You are not allowed to export {} doctype,{} sənəd növünü ixrac etməyə icazə verilmir,
You can try changing the filters of your report.,Hesabatınızın filtrini dəyişməyi cəhd edə bilərsiniz.,
You do not have permissions to cancel all linked documents.,Bütün bağlı sənədləri ləğv etməyə icazəniz yoxdur.,
You need to create these first:,Bunları əvvəlcə yaratmalısınız:,
You need to enable JavaScript for your app to work.,Tətbiqinizin işləməsi üçün JavaScript-i aktiv etməlisiniz.,
You need to install pycups to use this feature!,Bu funksiyanı istifadə etmək üçün pycups quraşdırmalısınız!,
Your Target,Hədəfiniz,
"browse,","göz at,",
cancelled this document {0},bu sənədi ləğv etdi {0},
changed value of {0} {1},{0} {1} dəyərini dəyişdi,
changed values for {0} {1},{0} {1} dəyərlərini dəyişdi,
choose an,birini seçin,
empty,boş,
of,və,
or attach a,ya birini əlavə edin,
submitted this document {0},bu sənədi təqdim etdi {0},
"tag name..., e.g. #tag","etiket adı..., məsələn, #etiket",
uploaded file,yüklənmiş fayl,
via Data Import,Məlumat İdxalı vasitəsilə,
{0} Google Calendar Events synced.,{0} Google Təqvim Hadisələri senkronizasiya edildi.,
{0} Google Contacts synced.,{0} Google Əlaqələri senkronizasiya edildi.,
{0} are mandatory fields,{0} məcburi sahələrdir,
{0} are required,{0} tələb olunur,
{0} assigned a new task {1} {2} to you,{0} sizə yeni bir vəzifə {1} {2} təyin etdi,
{0} gained {1} point for {2} {3},{0} {2} {3} üçün {1} xal qazandı,
{0} gained {1} points for {2} {3},{0} {2} {3} üçün {1} xal qazandı,
{0} has no versions tracked.,{0} versiyaları izlənilmir.,
{0} is not a valid report format. Report format should one of the following {1},{0} etibarlı hesabat formatı deyil. Hesabat formatı aşağıdakilerden biri olmalıdır {1},
{0} mentioned you in a comment in {1} {2},{0} {1} {2} də bir şərhdə sizi qeyd etdi,
{0} of {1} ({2} rows with children),{0} {1} ({2} uşaqlı),
{0} records will be exported,{0} qeydləri ixrac ediləcək,
{0} shared a document {1} {2} with you,{0} sizinlə bir sənəd {1} {2} paylaşdı,
{0} should not be same as {1},{0} {1} ilə eyni olmamalıdır,
{0} translations pending,{0} tərcümələri gözləyir,
{0} {1} is linked with the following submitted documents: {2},{0} {1} aşağıdakı təqdim edilmiş sənədlərlə bağlıdır: {2},
"{0}: Failed to attach new recurring document. To enable attaching document in the auto repeat notification email, enable {1} in Print Settings","{0}: Yeni təkrarlanan sənəd əlavə edilə bilmədi. Avtomatik təkrarlama bildiriş e-poçtuna sənəd əlavə etməyə imkan vermək üçün Çap Parametrlərində {1} aktivləşdirin",
{0}: Fieldname cannot be one of {1},{0}: Sahə adı {1} -dən biri ola bilməz,
{} Complete,{} Tamamlandı,
← Back to upload files,← Faylları yükləməyə qayıt,
Activity,Fəaliyyət,
Add / Manage Email Accounts.,E-poçt Hesablarını əlavə et / İdarə et.,
Add Child,Uşaq əlavə et,
Add Multiple,Bir neçə əlavə et,
Add Participants,İştirakçıları əlavə et,
Added {0} ({1}),{0} ({1}) əlavə edildi,
Address Line 1,Ünvan Xətti 1,
Addresses,Ünvanlar,
All,Hamısı,
Brand,Brend,
Browse,Bax,
Cancelled,Ləğv edildi,
Chart,Cədvəl,
Close,Bağla,
Communication,Ünsiyyət,
Compact Item Print,Kompakt Məhsul Çapı,
Company,Şirkət,
Complete,Tamamlanmış,
Completed,Tamamla,
Continue,Davam et,
Country,Ölkə,
Creating {0},{0} yaratma,
Currency,Valyuta,
Customize,Fərdiləşdir,
Daily,Gündəlik,
Date,Tarix,
Dear,Hörmətli,
Default,Standart,
Delete,Sil,
Description,Təsvir,
Designation,Təyinat,
Disabled,Bağlıdır,
Doctype,Sənəd növü,
Download Template,Şablonu yüklə,
Due Date,Son tarix,
Duplicate,Dublikat,
Edit Profile,Profilini redaktə et,
Email,E-poçt,
Enter Value,Dəyəri daxil edin,
Entity Type,Təşkilat növü,
Error,Xəta,
Expired,Müddəti bitmiş,
Export,İxrac et,
Export not allowed. You need {0} role to export.,İxrac icazə verilmir. İxrac etmək üçün {0} rolu lazımdır.,
Field,Sahə,
File Manager,Fayl Meneceri,
Filters,Filtrlər,
Get Items,Maddələri əldə et,
Goal,Məqsəd,
Group,Qrup,
Group Node,Qrup Düğümü,
Help,Kömək,
Help Article,Kömək Məqaləsi,
Home,Ana səhifə,
Import Data from CSV / Excel files.,CSV / Excel fayllarından məlumat idxal et.,
In Progress,İcra edilir,
Intermediate,Aralıq,
Invite as User,İstifadəçi olaraq dəvət et,
Loading...,Yüklənir...,
Location,Məkan,
Message,Mesaj,
Missing Values Required,Tələb olunan dəyərlər itir,
Mobile No,Mobil No,
Month,Ay,
Name,Ad,
Newsletter,Bülleten,
Not Allowed,İcazə verilmir,
Note,Qeyd,
Offline,Offline,
Open,Aç,
Page {0} of {1},Səhifə {0} {1}-dən,
Pending,Gözləyir,
Phone,Telefon,
Please click on the following link to set your new password,Zəhmət olmasa yeni şifrənizi təyin etmək üçün aşağıdakı linkə klikləyin,
Please select another payment method. Stripe does not support transactions in currency '{0}',Zəhmət olmasa başqa bir ödəmə üsulu seçin. Stripe '{0}' valyutasında əməliyyatları dəstəkləmir,
Please specify,Zəhmət olmasa dəqiqləşdirin,
Printing,Çap,
Priority,Prioritet,
Project,Layihə,
Quarterly,Rüblük,
Queued,Qeydə alındı,
Quick Entry,Tez Giriş,
Reason,Səbəb,
Refreshing,Yeniləmə,
Rename,Adı dəyiş,
Reset,Sıfırlama,
Review,İnceleme,
Room,Otaq,
Room Type,Otaq növü,
Save,Saxla,
Search results for,Axtarış nəticələri,
Select All,Hamısını seç,
Send,Göndər,
Sending,Göndərilir,
Server Error,Server Xətası,
Set,Təyin et,
Setup,Quraşdırma,
Setup Wizard,Quraşdırma Wizard,
Size,Ölçü,
Start,Başla,
Start Time,Başlama Vaxtı,
Status,Status,
Submitted,Təqdim Olundu,
Tag,Etiket,
Template,Şablon,
Thursday,Cümə axşamı,
Title,Başlıq,
Total,Cəmi,
Totals,Cəmlər,
Tuesday,Çərşənbə,
Type,Növ,
Update,Yenilə,
User {0} is disabled,İstifadəçi {0} deaktivdir,
Users and Permissions,İstifadəçilər və İcazələr,
Warehouse,Anbar,
Welcome to {0},{0} daxil olmağınıza xoş gəlmisiniz,
Year,İl,
Yearly,İllik,
You,Siz,
and,və,
{0} Name,{0} Adı,
{0} is required,{0} tələb olunur,
ALL,HAMISI,
Attach File,Faylı əlavə et,
Barcode,Barkod,
Beginning with,Başlanğıc,
Bold,Qalın,
CANCELLED,LƏĞV EDİLDİ,
Calendar,Təqvim,
Center,Mərkəz,
Clear,Təmizlə,
Comment,Şərh,
Comments,Şərhlər,
DRAFT,QƏRAR,
Dashboard,İdarə Paneli,
DocType,Sənəd Növü,
Download,Yüklə,
EMail,E-Poçt,
Edit in Full Page,Tam Səhifədə Redaktə Et,
Email Inbox,E-poçt Qutusu,
File,Fayl,
Forward,İrəlilə,
Icon,İkon,
In,Daxil,
Inbox,Giriş Qutusu,
Insert New Records,Yeni Qeydlər Daxil Et,
JavaScript,JavaScript,
LDAP Settings,LDAP Parametrləri,
Left,Sol,
Like,Bəyən,
Link,Bağlantı,
Logged in,Daxil Olunmuş,
New,Yeni,
Not Found,Tapılmadı,
Not Like,Bəyənmə,
Notify by Email,E-Poçtla Bildir,
Now,İndi,
Off,Söndür,
One of,Birinin,
Page,Səhifə,
Print,Çap et,
Reference Name,İstinad Adı,
Refresh,Yenilə,
Repeat,Təkrarla,
Right,Sağ,
Roles HTML,Rol HTML,
Scheduled To Send,Göndərilmək Üçün Planlaşdırıldı,
Search Results for,Axtarış Nəticələri,
Send Notification To,Bildirişi Göndər,
Success,Uğur,
Tags,Etiketlər,
Time,Vaxt,
Updated Successfully,Uğurla Yeniləndi,
Upload,Yüklə,
User,İstifadəçi,
Value,Dəyər,
Web Link,Veb Bağlantısı,
Your Email Address,Sizin E-Poçt Ünvanınız,
Desktop,Masaüstü,
Usage Info,İstifadə Məlumatı,
Download Backups,Ehtiyat Nüsxələrini Yüklə,
Recorder,Qeydiyyatçı,
Role Permissions Manager,Rol İcazələri İdarəçisi,
Translation Tool,Tərcümə Aləti,
Awaiting password,Şifrə gözlənilir,
Current status,Cari status,
Download template,Şablonu Yüklə,
Edit in full page,Tam səhifədə redaktə et,
Email Id,E-poçt İD,
Email address,E-poçt ünvanı,
Ends on,Bitir,
Half-yearly,Yarımillik,
Hidden,Gizli,
Javascript,JavaScript,
Ldap settings,LDAP parametrləri,
Mobile number,Mobil nömrə,
No,Xeyr,
Not found,Tapılmadı,
Notes:,Qeydlər:,
Notify by email,E-poçtla bildirin,
Permitted Documents For User,İstifadəçi üçün icazə verilən sənədlər,
Reference Docname,İstinad Sənəd Adı,
Reference Doctype,İstinad Sənəd Növü,
Reference name,İstinad adı,
Roles Html,Rol HTML,
Row #,Sətir #,
Scheduled to send,Göndərilmək Üçün Planlaşdırıldı,
Select Doctype,Sənəd Növünü Seç,
Send Email for Successful backup,Uğurlu ehtiyat nüsxə üçün E-poçt Göndər,
Sign up,Qeydiyyatdan keç,
Time format,Vaxt formatı,
Upload failed,Yükləmə uğursuz oldu,
User Id,İstifadəçi İD,
Yes,Bəli,
Your email address,Sizin e-poçt ünvanınız,
added,əlavə edildi,
added {0},əlavə edildi {0},
barcode,barkod,
beginning with,başlanğıc,
blue,mavi,
bold,qalın,
book,kitab,
calendar,təqvim,
certificate,sertifikat,
check,yoxla,
clear,təmizlə,
comment,şərh,
comments,şərhlər,
created,yaradıldı,
danger,təhlükə,
dashboard,idarə paneli,
download,yüklə,
edit,redaktə et,
email inbox,e-poçt qutusu,
file,fayl,
filter,filtr,
flag,bayraq,
font,şrift,
forward,irəlilə,
green,yaşıl,
home,ev,
icon,ikon,
inbox,giriş qutusu,
like,bəyən,
link,bağlantı,
list,siyahı,
lock,kilid,
logged in,daxil olunmuş,
message,mesaj,
module,modul,
move,hərəkət et,
music,musiqi,
new,yeni,
now,indi,
off,söndür,
one of,birinin,
orange,narıncı,
page,səhifə,
print,çap et,
purple,bənövşəyi,
random,təsadüfi,
red,qırmızı,
refresh,yenilə,
remove,sil,
response,cavab,
search,axtar,
share,paylaş,
stop,dayan,
success,uğur,
tag,etiket,
tags,etiketlər,
tasks,tapşırıqlar,
time,vaxt,
trash,zibil,
upload,yüklə,
user,istifadəçi,
value,dəyər,
web link,veb bağlantısı,
yellow,sarı,
Not permitted,İcazə verilmir,
Add Chart to Dashboard,Dashboard'a Qrafik əlavə et,
Add to Dashboard,Dashboard'a əlavə et,
Google Translation,Google Tərcüməsi,
Important,Əhəmiyyətli,
No Filters Set,Heç bir Filtr Təyin edilməyib,
No Records Created,Heç bir Qeyd yaradılmayıb,
Please Set Chart,"Zəhmət olmasa, Qrafik təyin edin",
Please create chart first,"Zəhmət olmasa, əvvəlcə qrafik yaradın",
"Report has no data, please modify the filters or change the Report Name","Hesabatda heç bir məlumat yoxdur, zəhmət olmasa filtrəri dəyişdirin və ya Hesabat Adını dəyişin",
Select Dashboard,Dashboard-u seçin,
Y Field,Y Sahəsi,
You need to be in developer mode to edit this document,Bu sənədi redaktə etmək üçün inkişaf etdirici rejimində olmalısınız,
Cards,Kartlar,
Community Contribution,İcma Töhfəsi,
Count Filter,Sayma Filtri,
Dashboard Chart Field,Dashboard Qrafik Sahəsi,
Desk Card,Masa Kartı,
Desk Chart,Masa Qrafiki,
Desk Page,Masa Səhifəsi,
Desk Shortcut,Masa Qısayolu,
Developer Mode Only,Yalnız İnkişaf etdirici Rejimi,
Disable User Customization,İstifadəçi Özelleştirməsini Söndür,
For example: {} Open,Məsələn: {} Aç,
Link Cards,Bağlantı Kartları,
Link To,Bağlantı,
Onboarding,İlk Addım,
Percentage,Faiz,
Pie,Dilim,
Pin To Bottom,Altına Sabitləyin,
Pin To Top,Üstə Sabitləyin,
Restrict to Domain,Domendə Məhdudlaşdır,
Shortcuts,Qısayollar,
X Field,X Sahəsi,
Y Axis,Y Oxu,
workspace,iş sahəsi,
Setup > User,Ayarlar > İstifadəçi,
Setup > Customize Form,Ayarlar > Formanı Özelleştir,
Setup > User Permissions,Ayarlar > İstifadəçi İcazələri,
"Error connecting to QZ Tray Application...<br><br> You need to have QZ Tray application installed and running, to use the Raw Print feature.<br><br><a target="_blank" href="https://qz.io/download/">Click here to Download and install QZ Tray</a>.<br> <a target="_blank" href="https://erpnext.com/docs/user/manual/en/setting-up/print/raw-printing">Click here to learn more about Raw Printing</a>.","QZ Tray Tətbiqi ilə əlaqə qurularkən xəta...<br><br> Raw Print xüsusiyyətindən istifadə etmək üçün QZ Tray tətbiqinin quraşdırılmış və işlək olması lazımdır.<br><br><a target="_blank" href="https://qz.io/download/">QZ Tray-i yükləmək və quraşdırmaq üçün buraya klikləyin</a>.<br> <a target="_blank" href="https://erpnext.com/docs/user/manual/en/setting-up/print/raw-printing">Raw Print haqqında daha çox məlumat üçün buraya klikləyin</a>.",
No email account associated with the User. Please add an account under User > Email Inbox.,"İstifadəçi ilə əlaqəli heç bir e-poçt hesabı yoxdur. Zəhmət olmasa, İstifadəçi > E-poçt Gələnlər altında bir hesab əlavə edin.",
"For comparison, use >5, <10 or =324. For ranges, use 5:10 (for values between 5 & 10).","Müqayisə üçün, >5, <10 və ya =324 istifadə edin. Aralıklara görə, 5:10 (5 və 10 arasında olan dəyərlər üçün) istifadə edin.",
No default Address Template found. Please create a new one from Setup > Printing and Branding > Address Template.,"Varsayılan Ünvan Şablonu tapılmadı. Zəhmət olmasa, yeni birini yaradın: Ayarlar > Çap və Brendinq > Ünvan Şablonu.",
Please setup default Email Account from Setup > Email > Email Account,"Zəhmət olmasa, varsayılan Email Hesabını qurun: Ayarlar > Email > Email Hesabı",
Email Account not setup. Please create a new Email Account from Setup > Email > Email Account,"Email Hesabı qurulmayıb. Zəhmət olmasa, yeni bir Email Hesabı yaradın: Ayarlar > Email > Email Hesabı",
Attach file,Faylı əlavə et,
Contribution Status,İştirak Statusu,
Contribution Document Name,İştirak Sənədinin Adı,
Extends,Uzadır,
Extends Another Page,Başqa Səhifəni Uzadır,
Please select target language for translation,"Zəhmət olmasa, tərcümə üçün hədəf dili seçin",
Select Language,Dili Seçin,
Confirm Translations,Tərcümələri Təsdiq Edin,
Contributed Translations,İştirak Edilən Tərcümələr,
Show Tags,Etiketləri Göstər,
Hide Tags,Etiketləri Gizlət,
Do not have permission to access {0} bucket.,{0} qutusu üçün giriş icazəniz yoxdur.,
Allow document creation via Email,Email vasitəsilə sənəd yaradılmasına icazə ver,
Sender Field,Göndərən Sahəsi,
Logout All Sessions on Password Reset,Şifrəni Sıfırladıqda Bütün Sessiyaları Çıxarın,
Logout From All Devices After Changing Password,Şifrəni Dəyişdirdikdən Sonra Bütün Cihazlardan Çıxın,
Send Notifications For Documents Followed By Me,Mənim Tərəfimdən İzlənilən Sənədlər Üçün Bildirişlər Göndərin,
Send Notifications For Email Threads,Email İpləri Üçün Bildirişlər Göndərin,
Bypass Restricted IP Address Check If Two Factor Auth Enabled,İki Faktorlu Doğrulama Aktivdirsə Məhdudlaşdırılmış IP Ünvanı Yoxlamasını İxrac Edin,
Reset LDAP Password,LDAP Şifrəsini Sıfırlayın,
Confirm New Password,Yeni Şifrəni Təsdiq Edin,
Logout All Sessions,Bütün Sessiyalardan Çıxın,
Passwords do not match!,Şifrələr uyğun gəlmir!,
Dashboard Manager,İdarəetmə Paneli Meneceri,
Dashboard Settings,İdarəetmə Paneli Parametrləri,
Chart Configuration,Qrafik Konfiqurasiyası,
No Permitted Charts on this Dashboard,Bu İdarəetmə Panelində İcazə Verilmiş Qrafiklər Yoxdur,
No Permitted Charts,İcazə Verilmiş Qrafiklər Yoxdur,
Reset Chart,Qrafiki Sıfırla,
via {0},{0} vasitəsilə,
{0} is not a valid Phone Number,{0} etibarlı Telefon Nömrəsi deyil,
Failed Transactions,Uğursuz Əməliyyatlar,
Value for field {0} is too long in {1}. Length should be lesser than {2} characters,{1} sahəsində {0} üçün dəyər çox uzundur. Uzunluq {2} simvoldan az olmalıdır,
Data Too Long,Məlumat Çox Uzundur,
via Notification,Bildiriş vasitəsilə,
Log in to access this page.,Bu səhifəyə daxil olmaq üçün giriş edin.,
Report Document Error,Sənəd Xətası Hesabatı,
{0} is an invalid Data field.,{0} etibarsız Məlumat sahəsidir.,
Only Options allowed for Data field are:,Yalnızca Data sahəsi üçün seçimlər icazə verilir:,
Select a valid Subject field for creating documents from Email,E-poçtdan sənəd yaratmaq üçün düzgün Mövzu sahəsini seçin,
"Subject Field type should be Data, Text, Long Text, Small Text, Text Editor","Mövzu sahə tipi Data, Mətbəx, Uzun Mətbəx, Kiçik Mətbəx, Mətbəx Redaktoru olmalıdır",
Select a valid Sender Field for creating documents from Email,E-poçtdan sənəd yaratmaq üçün düzgün Göndərən Sahəsini seçin,
Sender Field should have Email in options,Göndərən Sahəsində seçimlərdə E-poçt olmalıdır,
Password changed successfully.,Şifrə uğurla dəyişdirildi.,
Failed to change password.,Şifrəni dəyişdirməkdə uğursuz oldu.,
No Entry for the User {0} found within LDAP!,LDAP-da {0} istifadəçisi üçün heç bir giriş tapılmadı!,
No LDAP User found for email: {0},E-poçt üçün LDAP istifadəçisi tapılmadı: {0},
Prepared Report User,Hesabat İstifadəçisi Hazırlandı,
Scheduler Event,Cədvəl Hadisəsi,
Select Event Type,Hadisə Tipini Seçin,
Schedule Script,Skript Cədvəli,
Duration,Müddət,
Donut,Donut,
Custom Options,Xüsusi Seçimlər,
"Ex: ""colors"": [""#d1d8dd"", ""#ff5858""]","Məs: ""rənglər"": [""#d1d8dd"", ""#ff5858""]",
Confirmation Email Template,Təsdiq E-poçt Şablonu,
Welcome Email Template,Xoş Gəlmisiniz E-poçt Şablonu,
Schedule Send,Göndərmə Cədvəlini Təyin Et,
Do you really want to send this email newsletter?,Bu e-poçt bülletenini göndərmək istəyirsinizmi?,
Advanced Settings,Təkmil Parametrlər,
Disable Comments,Şərhləri Söndür,
Comments on this blog post will be disabled if checked.,"Bu blog yazısında şərhlər deaktiv ediləcəkdir, əgər yoxlanılırsa.",
CSS Class,CSS Sinfi,
Full Width,Tam En,
Page Builder,Səhifə Yaradıcı,
Page Building Blocks,Səhifə Yaratma Blokları,
Header and Breadcrumbs,Başlıq və Çörək Qırıntıları,
Add Custom Tags,Xüsusi Etiketlər Əlavə Et,
Web Page Block,Veb Səhifə Bloku,
Web Template,Veb Şablon,
Edit Values,Dəyərləri Redaktə Et,
Web Template Values,Veb Şablon Dəyərləri,
Add Container,Konteyner Əlavə Et,
Web Page View,Veb Səhifə Görünüşü,
Path,Yol,
Referrer,İstinadçı,
Browser,Brauzer,
Browser Version,Brauzer Versiyası,
Web Template Field,Veb Şablon Sahəsi,
Section,Bölmə,
Hide,Gizlət,
Enable In App Website Tracking,Tətbiqdə Veb Sayt İzləməsini Aktiv Et,
Enable Google Indexing,Google İndeksleməsini Aktiv Et,
"To use Google Indexing, enable <a href="#Form/Google Settings">Google Settings</a>.","Google İndeksleməsini istifadə etmək üçün <a href="#Form/Google Settings">Google Parametrləri</a> aktiv edin.",
Authorize API Indexing  Access,API İndekslemə Girişi İcazə Ver,
Indexing Refresh Token,İndekslemə Yeniləmə Tokeni,
Indexing Authorization Code,İndekslemə İcazə Kodu,
Theme Configuration,Tema Konfiqurasiyası,
Font Properties,Şrift Xüsusiyyətləri,
Button Rounded Corners,Düymə Dairəvi Künclər,
Button Shadows,Düymə Kölgələri,
Button Gradients,Düymə Gradientləri,
Light Color,Açıq Rəng,
Stylesheet,Stil Cədvəli,
Custom SCSS,Xüsusi SCSS,
Navbar,Naviqasiya Çubuğu,
Source Message,Mənbə Mesajı,
Translated Message,Tərcümə Edilmiş Mesaj,
Using this console may allow attackers to impersonate you and steal your information. Do not enter or paste code that you do not understand.,"Bu konsolu istifadə etmək, hücumçulara sizin yerinizə keçid etməyə və məlumatlarınızı oğurlamağa imkan verə bilər. Anlamadığınız kodu daxil etməyin və ya yapışdırmayın.",
{0} m,{0} m,
{0} h,{0} h,
{0} d,{0} d,
{0} w,{0} w,
{0} M,{0} M,
{0} y,{0} y,
yesterday,dünən,
{0} years ago,{0} il əvvəl,
New Chart,Yeni Qrafik,
New Shortcut,Yeni Qısa Yol,
Edit Chart,Qrafiki Redaktə Et,
Edit Shortcut,Qısa Yolu Redaktə Et,
Couldn't Load Desk,Masanı Yükləmək mümkün olmadı,
"Something went wrong while loading Desk. <b>Please relaod the page</b>. If the problem persists, contact the Administrator","Masanı yükləyərkən bir problem baş verdi. <b>Xahiş edirik, səhifəni yeniləyin</b>. Problem davam edərsə, Administratorla əlaqə saxlayın",
Customize Workspace,İş sahəsini Fərdiləşdir,
Customizations Saved Successfully,Fərdiləşdirmələr Müvəffəqiyyətlə Saxlanıldı,
Something went wrong while saving customizations,Fərdiləşdirmələri saxlayarkən bir problem baş verdi,
{} Dashboard,{} İdarə Paneli,
No changes in document,Sənəddə heç bir dəyişiklik yoxdur,
by Role,Rol üzrə,
Document is only editable by users with role,Sənəd yalnız rol olan istifadəçilər tərəfindən redaktə oluna bilər,
{0}: Other permission rules may also apply,{0}: Digər icazə qaydaları da tətbiq oluna bilər,
{0} Web page views,{0} Veb səhifə baxışları,
Expand,Genişləndir,
Collapse,Daralt,
"Invalid Bearer token, please provide a valid access token with prefix 'Bearer'.","Yanlış Bearer token, xahiş edirik 'Bearer' prefiksi ilə düzgün bir giriş tokeni təqdim edin.",
"Failed to decode token, please provide a valid base64-encoded token.","Tokeni deşifrə etmək mümkün olmadı, xahiş edirik düzgün base64 kodlanmış token təqdim edin.",
"Invalid token, please provide a valid token with prefix 'Basic' or 'Token'.","Yanlış token, xahiş edirik 'Basic' və ya 'Token' prefiksi ilə düzgün bir token təqdim edin.",
{0} is not a valid Name,{0} etibarlı Ad deyil,
Your system is being updated. Please refresh again after a few moments.,Sizin sisteminiz yenilənir. Xahiş edirik bir neçə dəqiqədən sonra yenidən yeniləyin.,
{0} {1}: Submitted Record cannot be deleted. You must {2} Cancel {3} it first.,{0} {1}: Göndərilmiş Qeyd silinə bilməz. Önce {2} İmtina {3} etməlisiniz.,
Error has occurred in {0},{0} -də xəta baş verdi,
Status Updated,Status Yeniləndi,
You can also copy-paste this {0} to your browser,Bu {0} nı brauzerinizə kopyalayıb yapışdıra bilərsiniz,
Enabled scheduled execution for script {0},{0} skripti üçün cədvəl icrasını aktivləşdirildi,
Scheduled execution for script {0} has updated,{0} skripti üçün cədvəl icrası yeniləndi,
The Link specified has either been used before or Invalid,"Göstərilən Link ya əvvəllər istifadə olunub, ya da etibarsızdır",
Options for {0} must be set before setting the default value.,"{0} üçün seçimlər, standart dəyəri təyin etmədən əvvəl təyin edilməlidir.",
Default value for {0} must be in the list of options.,{0} üçün standart dəyər seçimlər siyahısında olmalıdır.,
Google Indexing has been configured.,Google İndeksasiyası konfiqurasiya edilib.,
Allow API Indexing Access,API İndeksasiyası Girişinə İcazə Verin,
Allow Google Indexing Access,Google İndeksinə Giriş İcazəsi Verin,
Custom Documents,Xüsusi Sənədlər,
Could not save customization,Xüsusiləşdirməni saxlayamadı,
Transgender,Transgender,
Genderqueer,Cinsiyyət qeyri-müəyyən,
Non-Conforming,Uyğun Olmayan,
Prefer not to say,Demək istəmir,
Is Billing Contact,Ödənişlə əlaqədar şəxsdirmi,
Address And Contacts,Ünvan və Əlaqələr,
Lead Conversion Time,İlkin Dönüşüm Vaxtı,
Due Date Based On,Son Tarixə əsasən,
Linked Documents,Bağlı Sənədlər,
Steps,Addımlar,
email,email,
Component,Komponent,
Subtitle,Alt başlıq,
Prefix,Prefiks,
Is Public,İctimai mi?,
This chart will be available to all Users if this is set,"Bu cədvəl, bu seçilirsə, bütün İstifadəçilərə mövcud olacaq",
Number Card,Nömrə Kartı,
Function,Funksiya,
Minimum,Minimum,
Maximum,Maksimum,
This card will be available to all Users if this is set,"Bu kart, bu seçilirsə, bütün İstifadəçilərə mövcud olacaq",
Stats,Statistika,
Show Percentage Stats,Faiz Statistikasını Göstər,
Stats Time Interval,Statistika Zaman Aralığı,
Show percentage difference according to this time interval,Bu zaman aralığına görə faiz fərqini göstərin,
Filters Section,Filtrlər Bölməsi,
Number Card Link,Nömrə Kartı Bağlantısı,
Card,Kart,
API Access,API Girişi,
Access Key Secret,Giriş Açarı Gizli,
S3 Bucket Details,S3 Bucket Təfərrüatları,
Bucket Name,Bucket Adı,
Backup Details,Yedəkləmə Təfərrüatları,
Backup Files,Yedəkləmə Faylları,
Backup public and private files along with the database.,Veritabanı ilə birlikdə ictimai və özəl faylları yedəkləyin.,
Set to 0 for no limit on the number of backups taken,Alınan yedəklərin sayında limit olmaması üçün 0 olaraq təyin edin,
Meta Description,Meta Təsvir,
Meta Image,Meta Şəkil,
Google Snippet Preview,Google Snippet Önizləməsi,
This is an example Google SERP Preview.,Bu bir nümunə Google SERP Önizləməsidir.,
Add Gray Background,Boz Arxa Plan Əlavə Et,
Hide Block,Bloku Gizlət,
This Week,Bu Həftə,
This Month,Bu Ay,
This Quarter,Bu Rüb,
This Year,Bu İl,
All Time,Bütün Zaman,
Select From Date,Tarix Seçin,
since yesterday,dünəndən bəri,
since last week,keçən həftədən bəri,
since last month,keçən aydan bəri,
since last year,keçən ildən bəri,
Show,Göstər,
New Number Card,Yeni Nömrə Kartı,
Your Shortcuts,Qısa Yolunuz,
You haven't added any Dashboard Charts or Number Cards yet.,Hələ heç bir Dashboard Cədvəli və ya Nömrə Kartı əlavə etməmisiniz.,
Click On Customize to add your first widget,İlk widgetınızı əlavə etmək üçün Xüsusiləşdirməyə klikləyin,
Are you sure you want to reset all customizations?,Bütün xüsusi parametrləri sıfırlamaq istədiyinizə əminsinizmi?,
"Couldn't save, please check the data you have entered","Saxlamaq mümkün olmadı, zəhmət olmasa daxil etdiyiniz məlumatları yoxlayın",
Validation Error,Təsdiq Xətası,
"You can only upload JPG, PNG, PDF, or Microsoft documents.","Yalnız JPG, PNG, PDF və ya Microsoft sənədləri yükləyə bilərsiniz.",
Reverting length to {0} for '{1}' in '{2}'. Setting the length as {3} will cause truncation of data.,'{0}' dəyərinin '{1}' üçün '{2}' içində uzunluğunu {0} olaraq geri qaytarılır. {3} olaraq uzunluğu təyin etmək məlumatların kəsilməsinə səbəb olacaq.,
'{0}' not allowed for type {1} in row {2},'{0}' {1} tipində {2} sətrində icazə verilmir.,
Option {0} for field {1} is not a child table,Seçim {0} sahəsi {1} uşaq cədvəli deyil,
Invalid Option,Yanlış Seçim,
Request Body consists of an invalid JSON structure,Sorğu Bədəni etibarsız JSON strukturu təşkil edir,
Invalid JSON,Etibarsız JSON,
Import from Google Sheets,Google Cədvəllərdən İdxal,
Must be a publicly accessible Google Sheets URL,İctimai şəkildə əlçatan Google Cədvəli URL-si olmalıdır,
Refresh Google Sheet,Google Cədvəlini Yenilə,
Import File Errors and Warnings,İdxal Faylı Xətaları və Xəbərdarlıqlar,
"Successfully imported {0} records out of {1}. Click on Export Errored Rows, fix the errors and import again.","{1} içindən {0} qeydi uğurla idxal edildi. Xətalı Sətirləri İxrac et düyməsini basın, xətaları düzəldin və yenidən idxal edin.",
"Successfully imported {0} record out of {1}. Click on Export Errored Rows, fix the errors and import again.","{1} içindən {0} qeydi uğurla idxal edildi. Xətalı Sətirləri İxrac et düyməsini basın, xətaları düzəldin və yenidən idxal edin.",
"Successfully updated {0} records out of {1}. Click on Export Errored Rows, fix the errors and import again.","{1} içindən {0} qeydi uğurla yeniləndi. Xətalı Sətirləri İxrac et düyməsini basın, xətaları düzəldin və yenidən idxal edin.",
"Successfully updated {0} record out of {1}. Click on Export Errored Rows, fix the errors and import again.","{1} içindən {0} qeydi uğurla yeniləndi. Xətalı Sətirləri İxrac et düyməsini basın, xətaları düzəldin və yenidən idxal edin.",
Data Import Legacy,Məlumat İdxalı İrsi,
Documents restored successfully,Sənədlər uğurla bərpa edildi,
Documents that were already restored,Artıq bərpa edilmiş sənədlər,
Documents that failed to restore,Bərpa edilməmiş sənədlər,
Document Restoration Summary,Sənəd Bərpa Xülasəsi,
Hide Days,Günləri Gizlət,
Hide Seconds,Saniyələri Gizlət,
Hide Border,Sərhəd Gizlət,
Index Web Pages for Search,Axtarış üçün Veb Səhifələri İndekslə,
Action / Route,Fəaliyyət / Marşrut,
Document Naming Rule,Sənəd Adlandırma Qaydası,
Rule Conditions,Qayda Şərtləri,
Digits,Rəqəmlər,
Example: 00001,Nümunə: 00001,
Counter,Sayğac,
Document Naming Rule Condition,Sənəd Adlandırma Qaydası Şərti,
Installed Application,Quraşdırılmış Tətbiq,
Application Name,Tətbiq Adı,
Application Version,Tətbiq Versiyası,
Git Branch,Git Şöbəsi,
Installed Applications,Quraşdırılmış Tətbiqlər,
Navbar Item,Naviqasiya Paneli Maddəsi,
Item Label,Maddə Etiketi,
Item Type,Maddə Növü,
Separator,Ayrıcı,
Navbar Settings,Naviqasiya Paneli Parametrləri,
Application Logo,Tətbiq Loqosu,
Logo Width,Loqo Eni,
Dropdowns,Açılan Menyular,
Settings Dropdown,Parametrlər Açılan Menyusu,
Help Dropdown,Kömək Açılan Menyusu,
Query / Script,Sorğu / Skript,
"Filters will be accessible via <code>filters</code>. <br><br>Send output as <code>result = [result]</code>, or for old style <code>data = [columns], [result]</code>","Filtrlər <code>filters</code> vasitəsilə əlçatan olacaq. <br><br>Çıxışı <code>result = [result]</code> olaraq göndərin, ya da köhnə üslub üçün <code>data = [columns], [result]</code>",
Client Code,Müştəri Kodu,
Report Column,Hesabat Sütunu,
Report Filter,Hesabat Filtri,
Wildcard Filter,Wildcard Filtri,
Will add "%" before and after the query,Sorğu önündə və arxasında "%" əlavə ediləcək,
Route: Example "/desk",Marşrut: Nümunə "/desk",
Enable Onboarding,Onboarding-u Aktiv Et,
Password Reset Link Generation Limit,Şifrəni Sıfırlama Linkinin Yaradılması Limiti,
Hourly rate limit for generating password reset links,Şifrəni sıfırlama linklərinin yaradılması üçün saatlıq limit,
Include Web View Link in Email,E-poçtda Veb Görünüş Linkini Daxil Et,
Enable Auto-deletion of Prepared Reports,Hazırlanmış Hesabatların Avtomatik Silinməsini Aktiv Et,
Prepared Report Expiry Period (Days),Hazırlanmış Hesabatın Müddəti (Gün),
System will automatically delete Prepared Reports after these many days since creation,Sistem yaradıldıqdan sonra bu qədər gün keçdikdən sonra Hazırlanmış Hesabatları avtomatik olaraq siləcək,
Package Document Type,Paket Sənəd Növü,
Include Attachments,Əlavələri Daxil Et,
Overwrite,Üzərinə Yaz,
Package Publish Target,Paketin Nəşr Hədəfi,
Site URL,Sayt URL,
Package Publish Tool,Paketin Nəşr Aləti,
Click on the row for accessing filters.,Filtrlərə daxil olmaq üçün sətirə klikləyin.,
Sites,Saytlar,
Last Deployed On,Son Yayım Tarixi,
Console Log,Konsol Girişi,
"Set Default Options for all charts on this Dashboard (Ex: ""colors"": [""#d1d8dd"", ""#ff5858""])","Bu İdarəetmə Panelindəki bütün qrafiklər üçün Defolt Seçimləri Təyin Et (Məsələn: ""rənglər"": [""#d1d8dd"", ""#ff5858""])",
Use Report Chart,Hesabat Qrafikindən İstifadə Et,
Heatmap,İstilik Xəritəsi,
Dynamic Filters,Dinamik Filtrlər,
Dynamic Filters JSON,Dinamik Filtrlər JSON,
Set Dynamic Filters,Dinamik Filtrləri Təyin Et,
Click to Set Dynamic Filters,Dinamik Filtrləri Təyin Etmək Üçün Klikləyin,
Hide Custom DocTypes and Reports,Xüsusi Sənəd Növlərini və Hesabatları Gizlət,
Checking this will hide custom doctypes and reports cards in Links section,"Bunu yoxlamaq, Linklər bölməsində xüsusi sənəd növlərini və hesabat kartlarını gizlədəcək",
DocType View,Sənəd Növü Görünüşü,
Which view of the associated DocType should this shortcut take you to?,Bu qısa yol hansı əlaqəli Sənəd Növü görünüşünə aparmalıdır?,
List View Settings,Siyahı Görünüşü Parametrləri,
Maximum Number of Fields,Maksimum Sahə Sayı,
Module Onboarding,Modul Onboarding,
System managers are allowed by default,Sistem menecerlərinə standart olaraq icazə verilir,
Documentation URL,Sənədləşdirmə URL,
Is Complete,Tamdır,
Alert,Xəbərdarlıq,
Document Link,Sənəd Linki,
Attached File,Əlavə Edilmiş Fayl,
Attachment Link,Əlavə Linki,
Open Reference Document,İstinad Sənədini Aç,
Custom Configuration,Xüsusi Konfiqurasiya,
Filters Configuration,Filtr Konfiqurasiyası,
Dynamic Filters Section,Dinamik Filtrlər Bölməsi,
Please create Card first,Zəhmət olmasa əvvəlcə Kart yaradın,
Onboarding Permission,Onboarding İcazəsi,
Onboarding Step,Onboarding Addımı,
Is Skipped,Atlanılıb,
Create Entry,Giriş Yarat,
Update Settings,Parametrləri Yenilə,
Show Form Tour,Formanın Gəzinti Turu,
View Report,Hesabatı Gör,
Go to Page,Səhifəyə Get,
Watch Video,Videonu İzlə,
Show Full Form?,Tam Formanı Göstər?,
Show full form instead of a quick entry modal,Sürətli giriş modalı əvəzinə tam formu göstərin,
Report Reference Doctype,Hesabat İstinad Sənəd Növü,
Report Description,Hesabat Təsviri,
This will be shown to the user in a dialog after routing to the report,"Bu, hesabatın yönləndirilməsindən sonra istifadəçiyə bir dialoqda göstəriləcək",
Example: #Tree/Account,Nümunə: #Tree/Account,
Callback Title,Geri Çağırma Başlığı,
Callback Message,Geri Çağırma Mesajı,
This will be shown in a modal after routing,"Bu, yönləndirilmədən sonra bir modalda göstəriləcək",
Validate Field,Sahəni Doğrula,
Value to Validate,Doğrulamaq üçün Dəyər,
Use % for any non empty value.,Boş olmayan hər hansı bir dəyər üçün % istifadə edin.,
Video URL,Video URL,
Onboarding Step Map,İşə Qəbul Addım Xəritəsi,
Step,Addım,
System Console,Sistem Konsolu,
Console,Konsol,
To print output use <code>log(text)</code>,Çıxışı çap etmək üçün <code>log(text)</code> istifadə edin,
Commit,Təsdiq et,
Execute Console script,Konsol skriptini icra et,
Execute,Execute,
Create Contacts from Incoming Emails,İncoming E-maillərdən Kontaktlar Yarat,
Inbox User,Gelen Qutu İstifadəçisi,
Disabled Auto Reply,Avtomatik Cavabı Söndür,
Schedule Sending,Göndərmə Cədvəli,
Message (Markdown),Mesaj (Markdown),
Message (HTML),Mesaj (HTML),
Send Attachments,Əlavələri Göndər,
Testing,Test,
System Notification,Sistem Bildirişi,
Twilio Number,Twilio Nömrəsi,
"To use WhatsApp for Business, initialize <a href="#Form/Twilio Settings">Twilio Settings</a>.","WhatsApp for Business istifadə etmək üçün <a href="#Form/Twilio Settings">Twilio Parametrləri</a> ilə başla.",
"To use Slack Channel, add a <a href="#List/Slack%20Webhook%20URL/List">Slack Webhook URL</a>.","Slack Kanalını istifadə etmək üçün <a href="#List/Slack%20Webhook%20URL/List">Slack Webhook URL</a> əlavə et.",
Send System Notification,Sistem Bildirişi Göndər,
"If enabled, the notification will show up in the notifications dropdown on the top right corner of the navigation bar.","Aktiv edildikdə, bildiriş navigasiya çubuğunun sağ üst küncündə bildirişlər açılan menyusunda görünəcək.",
Send To All Assignees,Bütün Tapşırılanlara Göndər,
Receiver By Document Field,Sənəd Sahəsi ilə Alıcı,
Receiver By Role,Rol ilə Alıcı,
Child Table,Uşaq Cədvəli,
Remote Value Filters,Uzaq Dəyər Filtrləri,
API Key of the user(Event Subscriber) on the producer site,İstehsal saytındakı istifadəçinin API Açarı (Tədbir Abunəçisi),
API Secret of the user(Event Subscriber) on the producer site,İstehsal saytındakı istifadəçinin API Gizli Açarı (Tədbir Abunəçisi),
Paytm Settings,Paytm Parametrləri,
Merchant Key,Ticarət Açarı,
Staging,Staging,
Industry Type ID,Sənaye Növü ID,
See https://docs.aws.amazon.com/general/latest/gr/s3.html for details.,Ətraflı məlumat üçün https://docs.aws.amazon.com/general/latest/gr/s3.html-a baxın.,
af-south-1,af-south-1,
ap-east-1,ap-east-1,
eu-south-1,eu-south-1,
me-south-1,me-south-1,
Twilio Number Group,Twilio Nömrə Qrupu,
Twilio Settings,Twilio Parametrləri,
Auth Token,Təsdiq Tokeni,
Read Time,Oxuma Zamanı,
in minutes,dəqiqələrdə,
Featured,Özəlləşdirilmiş,
Hide CTA,CTA-nı Gizlət,
"Description for listing page, in plain text, only a couple of lines. (max 200 characters)","Siyahı səhifəsi üçün təsvir, sadə mətndə, yalnız bir neçə sətir. (maksimum 200 simvol)",
Meta Title,Meta Başlıq,
Enable Social Sharing,Sosial Paylaşımı Aktivləşdir,
Apply Document Permissions,Sənəd İcazələrini Tətbiq Et,
For help see <a href="https://frappeframework.com/docs/user/en/guides/portal-development/web-forms" target="_blank">Client Script API and Examples</a>,Kömək üçün <a href="https://frappeframework.com/docs/user/en/guides/portal-development/web-forms" target="_blank">Müştəri Skripti API və Nümunələr</a> səhifəsinə baxın,
Dynamic Route,Dinamik Marşrut,
Map route parameters into form variables. Example <code>/project/&lt;name&gt;</code>,Marşrut parametrlərini forma dəyişənlərinə xəritələşdirin. Məsələn <code>/project/&lt;name&gt;</code>,
Context Script,Kontekst Skripti,
Title of the page,Səhifənin başlığı,
This title will be used as the title of the webpage as well as in meta tags,"Bu başlıq veb səhifənin başlığı kimi, eləcə də meta etiketlərdə istifadə olunacaq",
Makes the page public,Səhifəni ictimailəşdirir,
Checking this will publish the page on your website and it'll be visible to everyone.,Bunu yoxlayaraq səhifəni veb saytınızda dərc edəcəksiniz və hər kəsə görünəcək.,
URL of the page,Səhifənin URL-i,
"This will be automatically generated when you publish the page, you can also enter a route yourself if you wish","Bu, səhifəni dərc etdiyiniz zaman avtomatik olaraq yaradılacaq, istəsəniz özünüz də marşrut daxil edə bilərsiniz",
Content type for building the page,Səhifəni qurmaq üçün məzmun tipi,
"You can select one from the following,","Aşağıdakilərdən birini seçə bilərsiniz,",
Standard rich text editor with controls,Nəzarət panelləri ilə standart zəngin mətn redaktoru,
Github flavoured markdown syntax,Github tərzində markdown sintaksisi,
HTML with jinja support,Jinja dəstəyi olan HTML,
Frappe page builder using components,Komponentlərdən istifadə edən Frappe səhifə qurucusu,
Checking this will show a text area where you can write custom javascript that will run on this page.,"Bunu yoxlayaraq, bu səhifədə işləyəcək xüsusi javascript yazmaq üçün bir mətn sahəsi göstərəcək.",
Meta title for SEO,SEO üçün meta başlıq,
"By default the title is used as meta title, adding a value here will override it.","Varsayılan olaraq başlıq meta başlıq kimi istifadə olunur, burada bir dəyər əlavə etmək onu əvəz edəcək.",
"The meta description is an HTML attribute that provides a brief summary of a web page. Search engines such as Google often display the meta description in search results, which can influence click-through rates.","Meta təsvir, bir veb səhifənin qısa xülasəsini təqdim edən HTML atributudur. Google kimi axtarış motorları tez-tez axtarış nəticələrində meta təsviri göstərir, bu da klikləmə nisbətlərinə təsir edə bilər.",
"The meta image is unique image representing the content of the page. Images for this Card should be at least 280px in width, and at least 150px in height.","Meta şəkil, səhifənin məzmununu təmsil edən unikal şəkildir. Bu Kart üçün şəkillər ən azı 280px enində və ən azı 150px hündürlüyündə olmalıdır.",
Add Space on Top,Üst tərəfdə Boşluq əlavə et,
Add Space on Bottom,Alt tərəfdə Boşluq əlavə et,
Is Unique,Unikaldır,
User Agent,İstifadəçi Agenti,
Table Break,Cədvəl Sındır,
Hide Login,Girişi Gizlət,
Navbar Template,Naviqasiya Barı Şablonu,
Navbar Template Values,Naviqasiya Barı Şablonu Dəyərləri,
Call To Action,Fəaliyyətə Çağırış,
Call To Action URL,Fəaliyyətə Çağırış URL,
Footer Logo,Altlıq Loqosu,
Footer Template,Altlıq Şablonu,
Footer Template Values,Altlıq Şablonu Dəyərləri,
Enable Tracking Page Views,Səhifə Görüntülərini İzləməyi Aktiv Et,
"Checking this will enable tracking page views for blogs, web pages, etc.","Bunu yoxlamaq, bloglar, veb səhifələr və s. üçün səhifə görüntülərini izləməyi aktiv edəcək.",
Disable Signup for your site,Saytınız üçün Qeydiyyatı Deaktiv Et,
Check this if you don't want users to sign up for an account on your site. Users won't get desk access unless you explicitly provide it.,Bunu yoxlayın əgər siz istifadəçilərin saytınızda hesab açmasını istəmirsinizsə. İstifadəçilər siz açıq şəkildə təqdim etmədiyiniz müddətdə masaüstü giriş əldə etməyəcəklər.,
URL to go to on clicking the slideshow image,Slayd şəkilinə kliklədikdə gediləcək URL,
Custom Overrides,Xüsusi Dəyişikliklər,
Ignored Apps,Gözardı Edilən Tətbiqlər,
Include Theme from Apps,Tətbiqlərdən Temanı Daxil Et,
Website Theme Ignore App,Vebsayt Teması Gözardı Edilən Tətbiq,
Are you sure you want to save this document?,Bu sənədi saxlamaq istədiyinizə əminsinizmi?,
Refresh All,Hamısını Yenilə,
"Level 0 is for document level permissions, higher levels for field level permissions.","Səviyyə 0 sənəd səviyyəsi icazələri üçün, daha yüksək səviyyələr sahə səviyyəsi icazələri üçündür.",
Website Analytics,Vebsayt Analitikası,
Less,Az,
Not a valid DocType view:,Keçərli DocType görünüşü deyil:,
Unknown View,Naməlum Görünüş,
Go Back,Geri Dön,
Let's take you back to onboarding,Sizi onboarding-a geri qaytaraq,
Great Job,Əla İş,
Looks Great,Gözəl Görünür,
Looks like you didn't change the value,"Görünür ki, dəyəri dəyişməmisiniz",
Oops,Oops,
Skip Step,Addımı Atla,
"You're doing great, let's take you back to the onboarding page.","Çox yaxşı gedirsiniz, sizi onboarding səhifəsinə geri qaytaraq.",
Good Work 🎉,Yaxşı İş 🎉,
Submit this document to complete this step.,"Bu sənədi təqdim edin ki, bu addımı tamamlayasınız.",
Great,Əla,
You may continue with onboarding,Onboarding ilə davam edə bilərsiniz,
You seem good to go!,Hazır görünürsünüz!,
Onboarding Complete,Onboarding Tamamlandı,
{0} Settings,{0} Ayarları,
{0} Fields,{0} Sahələri,
Reset Fields,Sahələri Sıfırla,
Select Fields,Sahələri Seç,
Warning: Unable to find {0} in any table related to {1},Xəbərdarlıq: {1} ilə əlaqəli heç bir cədvəldə {0} tapılmadı,
Tree view is not available for {0},{0} üçün ağac görünüşü mövcud deyil,
Create Card,Kart Yarat,
Card Label,Kart Etiketi,
Reports already in Queue,Artıq Növbədə Hesabatlar,
Proceed Anyway,Hər halda Davam Et,
Delete and Generate New,Silmək və Yenisini Yarat,
1 Report,1 Hesabat,
{0} ({1}) (1 row mandatory),{0} ({1}) (1 sətir məcburidir),
Select Fields To Insert,Daxil etmək üçün Sahələri Seçin,
Select Fields To Update,Yeniləmək üçün Sahələri Seçin,
"This document is already amended, you cannot ammend it again","Bu sənəd artıq düzəldilmişdir, onu yenidən düzəldə bilməzsiniz",
Add to ToDo,Görev Listəsinə Əlavə Et,
{0} is currently {1},{0} hal-hazırda {1}dir,
{0} are currently {1},{0} hal-hazırda {1}dir,
Currently Replying,Hal-hazırda Cavab Verilir,
created {0},yaradıldı {0},
Change,Dəyişdir,
Too Many Requests,Çox Sayda Tələb,
"Invalid Authorization headers, add a token with a prefix from one of the following: {0}.","Yanlış İcazə başlıqları, aşağıdakilerden birinin prefiksi ilə bir token əlavə edin: {0}.",
"Invalid Authorization Type {0}, must be one of {1}.","Yanlış İcazə Növü {0}, {1} -dən biri olmalıdır.",
{} is not a valid date string.,{} etibarlı tarix sətiri deyil.,
Invalid Date,Yanlış Tarix,
Please select a valid date filter,"Zəhmət olmasa, etibarlı tarix filtrini seçin",
Value {0} must be in the valid duration format: d h m s,Dəyər {0} etibarlı müddət formatında olmalıdır: d h m s,
Google Sheets URL is invalid or not publicly accessible.,Google Sheets URL-i etibarsızdır və ya ictimaiyyətə açıq deyil.,
Google Sheets URL must end with "gid={number}". Copy and paste the URL from the browser address bar and try again.,Google Sheets URL-i "gid={number}" ilə bitməlidir. URL-i brauzer ünvan çubuğundan kopyalayın və yenidən cəhd edin.,
Incorrect URL,Yanlış URL,
"{0}" is not a valid Google Sheets URL,"{0}" etibarlı Google Sheets URL-i deyil,
Duplicate Name,Təkrarlanan Ad,
Please check the value of "Fetch From" set for field {0},{0} sahəsi üçün "Fetch From" dəyərini yoxlayın,
Wrong Fetch From value,Yanlış Fetch From dəyəri,
A field with the name '{}' already exists in doctype {}.,'{}' adı ilə bir sahə artıq doctype {}-də mövcuddur.,
Custom Field {0} is created by the Administrator and can only be deleted through the Administrator account.,Xüsusi Sahə {0} Administrator tərəfindən yaradılıb və yalnız Administrator hesabı vasitəsilə silinə bilər.,
Failed to send {0} Auto Email Report,{0} Avtomatik E-poçt Hesabatını göndərmək mümkün olmadı,
Test email sent to {0},Test e-poçtu {0}-a göndərildi,
Email queued to {0} recipients,E-poçt {0} alıcılarına sıraya alındı,
Newsletter should have at least one recipient,Bülleten ən azı bir alıcıya sahib olmalıdır,
Please enable Twilio settings to send WhatsApp messages,WhatsApp mesajlarını göndərmək üçün Twilio parametrlərini aktiv edin,
"Not allowed to attach {0} document, please enable Allow Print For {0} in Print Settings","{0} sənədini əlavə etmək icazə verilmir, Zəhmət olmasa, Çap Parametrlərində {0} üçün Çap etməyə icazə verin",
Signup Disabled,Qeydiyyat Bağlıdır,
Signups have been disabled for this website.,Bu veb sayt üçün qeydiyyatlar bağlanmışdır.,
Open Document,Sənədi Aç,
The comment cannot be empty,Şərh boş ola bilməz,
Hourly comment limit reached for: {0},Saatlıq şərh limitinə çatıldı: {0},
Please add a valid comment.,"Zəhmət olmasa, etibarlı bir şərh əlavə edin.",
Document {0} Already Restored,Sənəd {0} artıq bərpa edilib,
Restoring Deleted Document,Silinmiş sənədin bərpası,
{function} of {fieldlabel},{function} {fieldlabel},
Invalid template file for import,İdxal üçün etibarsız şablon faylı,
Invalid or corrupted content for import,İdxal üçün etibarsız və ya pozulmuş məzmun,
Value {0} must in {1} format,Dəyər {0} {1} formatında olmalıdır,
{0} is a mandatory field asdadsf,{0} mütləq sahədir asdadsf,
Could not map column {0} to field {1},Sütun {0} sahə {1} ilə əlaqələndirilə bilmədi,
Skipping Duplicate Column {0},Təkrarlanan Sütun {0} atlanır,
The column {0} has {1} different date formats. Automatically setting {2} as the default format as it is the most common. Please change other values in this column to this format.,Sütun {0} {1} fərqli tarix formatına malikdir. Ən çox yayılmış format olduğu üçün {2} standart format olaraq avtomatik təyin edilir. Bu sütundakı digər dəyərləri bu formata dəyişin.,
You have reached the hourly limit for generating password reset links. Please try again later.,"Şifrə sıfırlama bağlantıları yaratmaq üçün saatlıq limitə çatdınız. Zəhmət olmasa, daha sonra yenidən cəhd edin.",
Please hide the standard navbar items instead of deleting them,Silinmək əvəzinə standart naviqasiya çubuğu elementlərini gizlədin,
DocType's name should not start or end with whitespace,DocType adı boşluqla başlamalı və ya bitməməlidir,
File name cannot have {0},Fayl adında {0} ola bilməz,
{0} is not a valid file url,{0} etibarlı fayl URL-i deyil,
Error Attaching File,Faylı əlavə edərkən xəta,
Please generate keys for the Event Subscriber User {0} first.,"Zəhmət olmasa, əvvəlcə Hadisə Abunəçi İstifadəçisi {0} üçün açarları yaradın.",
Please set API Key and Secret on the producer and consumer sites first.,"Zəhmət olmasa, əvvəlcə istehsalçı və istehlakçı saytlarında API Açarı və Gizli açar təyin edin.",
User {0} not found on the producer site,İstehsalçı saytında istifadəçi {0} tapılmadı,
Event Subscriber has to be a System Manager.,Hadisə Abunəçisi Sistem Meneceri olmalıdır.,
Row #{0}: Invalid Local Fieldname,Sətir #{0}: Etibarsız Yerli Sahə Adı,
Row #{0}: Please set Mapping or Default Value for the field {1} since its a dependency field,"Sətir #{0}: {1} sahəsi üçün Mapping və ya Default Dəyər təyin edin, çünki bu asılılıq sahəsidir",
Row #{0}: Please set remote value filters for the field {1} to fetch the unique remote dependency document,Sətir #{0}: Unikal uzaq asılılıq sənədini əldə etmək üçün {1} sahəsi üçün uzaq dəyər filtrlərini təyin edin,
Paytm payment gateway settings,Paytm ödəniş qapısı parametrləri,
"Company, Fiscal Year and Currency defaults","Şirkət, Maliyyə İli və Valyuta standartları",
Razorpay Signature Verification Failed,Razorpay İmza Doğrulaması Başarısız oldu,
Google Drive - Could not locate - {0},Google Drive - tapa bilmir - {0},
"Sync token was invalid and has been resetted, Retry syncing.","Sink tokeni etibarsız idi və sıfırlandı, Sink etməyə cəhd edin.",
Please select another payment method. Paytm does not support transactions in currency '{0}',"Lütfən, başqa bir ödəniş metodunu seçin. Paytm '{0}' valyutasında əməliyyatları dəstəkləmir.",
Invalid Account SID or Auth Token.,Yanlış Hesab SID və ya Auth Token.,
Please enable twilio settings before sending WhatsApp messages,WhatsApp mesajları göndərməzdən əvvəl Twilio ayarlarını aktiv edin.,
Delivery Failed,Çatdırılma uğursuz oldu.,
Twilio WhatsApp Message Error,Twilio WhatsApp Mesaj Xətası.,
A featured post must have a cover image,Xüsusi postun bir örtük şəkli olmalıdır.,
Load More,Daha çox Yüklə.,
Published on,Nəşr edilib,
Enable developer mode to create a standard Web Template,Standart Veb Şablon yaratmaq üçün inkişaf etdirici rejimini aktiv edin.,
Was this article helpful?,Bu məqalə faydalı oldumu?,
Thank you for your feedback!,Rəyləriniz üçün təşəkkür edirik!,
New Mention on {0},{0} üzrə yeni qeyd.,
Assignment Update on {0},{0} üzrə tapşırıq yeniləməsi.,
New Document Shared {0},Yeni sənəd paylaşıldı {0}.,
Energy Point Update on {0},{0} üzrə Enerji Nöqtəsi Yeniləməsi.,
You cannot create a dashboard chart from single DocTypes,Tək DocTypes-dan bir panel qrafiki yarada bilməzsiniz.,
Invalid json added in the custom options: {0},Xüsusi seçimlərdə yanlışdır json əlavə edilib: {0}.,
Invalid JSON in card links for {0},{0} üçün kart bağlantılarında yanlışdır JSON.,
Standard Not Set,Standart Təyin Edilməyib.,
Please set the following documents in this Dashboard as standard first.,"Zəhmət olmasa, bu Paneldə aşağıdakı sənədləri əvvəlcə standart olaraq təyin edin.",
Shared with the following Users with Read access:{0},Oxu icazəsi olan aşağıdakı İstifadəçilərlə paylaşılmışdır: {0}.,
Already in the following Users ToDo list:{0},Aşağıdakı İstifadəçilərin ToDo siyahısında artıq var: {0}.,
Your assignment on {0} {1} has been removed by {2},{0} {1} üzrə tapşırığınız {2} tərəfindən silinmişdir.,
Invalid Credentials,Yanlış İstifadəçi Məlumatları.,
Print UOM after Quantity,Miqdarın ardından UOM çap edin.,
Uncaught Server Exception,Yakalnmış Server İstisnası.,
There was an error building this page,Bu səhifəni qurarkən xəta baş verdi.,
Hide Traceback,İzləri Gizlət.,
Value from this field will be set as the due date in the ToDo,Bu sahədən alınan dəyər ToDo-da son tarix olaraq təyin ediləcək.,
New module created {0},Yeni modul yaradıldı {0}.,
"Report has no numeric fields, please change the Report Name","Hesabatın ədədi sahələri yoxdur, zəhmət olmasa Hesabat Adını dəyişdirin.",
There are documents which have workflow states that do not exist in this Workflow. It is recommended that you add these states to the Workflow and change their states before removing these states.,Bu İş Axınında olmayan iş axını mərhələləri olan sənədlər var. Bu mərhələləri İş Axınına əlavə etməyiniz və bu mərhələləri silməzdən əvvəl onların vəziyyətlərini dəyişməyiniz tövsiyə olunur.,
Worflow States Don't Exist,İş Axını Mərhələləri Yoxdur.,
ave Anyway,Yenə də saxla.,
Energy Points:,Enerji Nöqtələri:,
Review Points:,İcmal Nöqtələri:,
Rank:,Rütbə:,
Monthly Rank:,Aylıq Rütbə:,
Invalid expression set in filter {0} ({1}),Filtrdə {0} ({1}) etibarsız ifadə dəsti,
Invalid expression set in filter {0},Filtrdə {0} etibarsız ifadə dəsti,
{0} {1} added to Dashboard {2},{0} {1} Dashboard-a {2} əlavə edildi,
Set Filters for {0},{0} üçün Filtrləri Təyin Et,
Not permitted to view {0},{0} görünmək icazəniz yoxdur,
Camera,Kamera,
Invalid filter: {0},Etibarsız filtr: {0},
Let's Get Started,Başlayaq,
Reports & Masters,Hesabatlar və Masterlər,
New {0} {1} added to Dashboard {2},Yeni {0} {1} Dashboard-a {2} əlavə edildi,
New {0} {1} created,Yeni {0} {1} yaradıldı,
New {0} Created,Yeni {0} yaradıldı,
Invalid "depends_on" expression set in filter {0},Filtrdə {0} "depends_on" ifadəsi etibarsızdır,
{0} Reports,{0} Hesabatları,
There is {0} with the same filters already in the queue:,Eyni filtrlərlə artıq növbədə {0} var:,
There are {0} with the same filters already in the queue:,Eyni filtrlərlə artıq növbədə {0} var:,
Are you sure you want to generate a new report?,Yeni hesabat yaratmaq istədiyinizə əminsiniz?,
{0}: {1} vs {2},{0}: {1} vs {2},
Add a {0} Chart,{0} Qrafiki əlavə et,
Currently you have {0} review points,Hazırda {0} baxış nöqtəniz var,
{0} is not a valid DocType for Dynamic Link,{0} Dinamik Link üçün etibarlı DocType deyil,
via Assignment Rule,Təyinat Qaydasına görə,
Based on Field,Sahəyə əsasən,
Assign to the user set in this field,Bu sahədə təyin edilmiş istifadəçiyə təyin et,
Log Setting User,Giriş Ayar İstifadəçisi,
Log Settings,Giriş Ayarları,
Error Log Notification,Xəta Girişi Bildirişi,
Users To Notify,Bildirmək Üçün İstifadəçilər,
Log Cleanup,Giriş Təmizləmə,
Clear Error log After,Xəta girişini təmizləmək,
Clear Activity Log After,Fəaliyyət Girişini təmizləmək,
Clear Email Queue After,Email Növbəsini təmizləmək,
Please save to edit the template.,Şablonu redaktə etmək üçün xahiş edirik saxlayın.,
Google Analytics Anonymize IP,Google Analytics IP-ni Anonimləşdir,
Incorrect email or password. Please check your login credentials.,Yanlış email və ya şifrə. Xahiş edirik giriş məlumatlarınızı yoxlayın.,
Incorrect Configuration,Yanlış Konfiqurasiya,
You are not allowed to delete Standard Report,Standart Hesabatı silmək icazəniz yoxdur,
You have unseen {0},Görünməz {0} var,
Log cleanup and notification configuration,Giriş təmizləmə və bildiriş konfiqurasiyası,
State/Province,Ştat/Provinz,
Document Actions,Sənəd Əməliyyatları,
Document Links,Sənəd Bağlantıları,
List Settings,Siyahı Ayarları,
Cannot delete standard link. You can hide it if you want,Standart bağlantını silmək mümkün deyil. İstəsəniz gizlədə bilərsiniz,
Cannot delete standard action. You can hide it if you want,Standart əməliyyatı silmək mümkün deyil. İstəsəniz gizlədə bilərsiniz,
Applied On,Tətbiq Olundu,
Row Name,Sətir Adı,
For DocType Link / DocType Action,DocType Bağlantısı / DocType Əməliyyatı üçün,
Cannot edit filters for standard charts,Standart qrafiklər üçün filtrləri redaktə etmək mümkün deyil,
Event Producer Last Update,Hadisə İstehsalçısının Son Yeniləməsi,
Default for 'Check' type of field {0} must be either '0' or '1','Check' tipli sahənin {0} üçün standart dəyəri ya '0' ya da '1' olmalıdır,
Non Negative,Müsbət Olmayan,
Rules with higher priority number will be applied first.,Yüksək prioritet nömrəsi olan qaydalar əvvəlcə tətbiq olunacaq.,
Open URL in a New Tab,Yeni Tabda URL aç,
Align Right,Sağa hizala,
Loading Filters...,Filtrləri yükləyir...,
Count Customizations,Xüsusiləşdirmələri say,
For Example: {} Open,Məsələn: {} Aç,
Choose Existing Card or create New Card,Mövcud Kartı seçin və ya Yeni Kart yaradın,
Number Cards,Kartları nömrələyin,
Function Based On,Funksiya əsasında,
Add Filters,Filtrləri əlavə edin,
Skip,Atla,
Dismiss,Rədd et,
Value cannot be negative for,Dəyər mənfi ola bilməz,
Value cannot be negative for {0}: {1},Dəyər mənfi ola bilməz {0}: {1},
Negative Value,Mənfi Dəyər,
Authentication failed while receiving emails from Email Account: {0}.,E-poçt Hesabından e-poçtları alarkən autentifikasiya uğursuz oldu: {0}.,
Message from server: {0},Serverdən mesaj: {0},
Documentation,Sənədləşmə,
User Forum,İstifadəçi Forumu,
Report an Issue,Məsələni bildirin,
About,Haqqında,
My Profile,Mənim Profilim,
My Settings,Mənim Parametrlərim,
Toggle Full Width,Tam Genişliyi dəyiş,
Toggle Theme,Tema dəyiş,
Modules,Modullar,
You created this,Bunu siz yaratdınız,
{0} created this,{0} bunu yaratdı,
You last edited this,Bunu sonuncu dəfə siz redaktə etdiniz,
{0} last edited this,{0} bunu sonuncu dəfə redaktə etdi,
You viewed this,Bunu siz baxdınız,
{0} viewed this,{0} bunu baxdı,
Apply Filters,Filtrləri tətbiq et,
+ Add a Filter,+ Filtr əlavə et,
Show Saved,Saxlanılanları göstər,
Hide Saved,Saxlanılanları gizlət,
Add Tags,Etiketlər əlavə et,
Page Size,Səhifə Ölçüsü,
Set all public,Hamısını ictimai et,
Set all private,Hamısını özəl et,
Drag and drop files here or upload from,Faylları buraya sürükləyin və ya yükləyin,
My Device,Mənim Cihazım,
Library,Kitabxana,
Add Row,Sətir əlavə et,
Analytics,Analitika,
Anonymous,Anonim,
Author,Müəllif,
Basic,Əsas,
Billing,Ödəniş,
Contact Details,Əlaqə Məlumatları,
Datetime,Tarix və vaxt,
Enable,Aktivləşdir,
Event,Hadisə,
Full,Tam,
Insert,Daxil et,
Interests,Maraqlar,
Language Name,Dil Adı,
License,Lisenziya,
Limit,Limit,
Log,Giriş,
Meeting,Görüş,
My Account,Mənim Hesabım,
Newsletters,Bülletenlər,
Password,Şifrə,
Pincode,Pincode,
Please select prefix first,Zəhmət olmasa əvvəlcə prefiks seçin,
Please set Email Address,Zəhmət olmasa E-poçt Ünvanını təyin edin,
Please set the series to be used.,Zəhmət olmasa istifadə olunacaq seriyanı təyin edin.,
Portal Settings,Portal Parametrləri,
Reference Owner,İstinad Sahibi,
Region,Region,
Report Builder,Hesabat Yaradıcı,
Sample,Nümunə,
Saved,Saxlanılan,
Series {0} already used in {1},Seriya {0} artıq {1}-də istifadə olunub,
Set as Default,Defolt olaraq təyin et,
Shipping,Çatdırılma,
Standard,Standart,
Test,Test,
Traceback,Traceback,
Unable to find DocType {0},DocType {0} tapılmadı,
Weekdays,Həftənin günləri,
Workflow,İş prosesi,
You need to be logged in to access this page,Bu səhifəyə daxil olmaq üçün daxil olmalısınız,
County,Konteyner,
Images,Şəkillər,
Office,Ofis,
Passive,Passiv,
Permanent,Daimi,
Plant,Bitki,
Postal,Poçt,
Previous,Əvvəlki,
Shop,Mağaza,
Subsidiary,Töre,
There is some problem with the file url: {0},Fayl URL-i ilə bağlı bir problem var: {0},
"Special Characters except '-', '#', '.', '/', '{{' and '}}' not allowed in naming series {0}","Xüsusi simvollar '-', '#', '.', '/', '{{' və '}}' istisna olmaqla, seriyaların adlandırılmasında icazə verilmir {0}",
Export Type,İxrac Növü,
Last Sync On,Son Senkronizasiya,
Webhook Secret,Webhook Gizli,
Back to Home,Ana Səhifəyə Qayıt,
Customize,Özəlləşdir,
Edit Profile,Profilini Dəyiş,
File Manager,Fayl Meneceri,
Invite as User,İstifadəçi Kimi Dəvət Et,
Newsletter,Xəbər Bülleteni,
Printing,Çap,
Publish,Nəşr Et,
Refreshing,Yeniləmə,
Select All,Hamısını Seç,
Set,Təyin Et,
Setup Wizard,Quraşdırma Sehrbazı,
Update Details,Məlumatları Yenilə,
You,Siz,
{0} Name,{0} Adı,
Bold,Qalın,
Center,Mərkəz,
Comment,Şərh,
Not Found,Tapılmadı,
User Id,İstifadəçi İD,
Position,Vəziyyət,
Crop,Kəs,
Topic,Mövzu,
Public Transport,İctimai Nəqliyyat,
Request Data,Məlumat Tələbi,
Steps,Addımlar,
Reference DocType,Referans Doktipi,
Select Transaction,Maliyyə Əməliyyatını Seç,
Help HTML,Yardım HTML,
Series List for this Transaction,Bu Əməliyyat Üçün Seriyalar Siyahısı,
User must always select,İstifadəçi həmişə seçməlidir,
Check this if you want to force the user to select a series before saving. There will be no default if you check this.,"İstifadəçini saxlamağa başlamazdan əvvəl seriya seçməyə məcbur etmək istəyirsinizsə, bunu yoxlayın. Əgər bunu yoxlayarsanız, heç bir standart olmayacaq.",
Prefix,Prefiks,
This is the number of the last created transaction with this prefix,"Bu, bu prefiksli son yaradılmış əməliyyatın nömrəsidir",
Update Series Number,Seriya Nömrəsini Yenilə,
Validation Error,Təsdiq Xətası,
Published on,Nəşr Olunub,
Bottom,Aşağı,
Top,Yuxarı,
Amend,Dəyişdir,